orientation;acceleration_x;acceleration_y;acceleration_z;touch_count;first_touch_finger_id;first_touch_delta_time;first_touch_tap_count;first_touch_phase;first_touch_position_x;first_touch_position_y;second_touch_finger_id;second_touch_delta_time;second_touch_tap_count;second_touch_phase;second_touch_position_x;second_touch_position_y;current_game_state;game_event;;;;;
FaceUp;0.0390625;0.001953125;-0.9843749;0;;;;;;;;;;;;;GS_START_MENU;;;;;;
FaceUp;0.1035156;-0.2421875;-0.9492187;0;;;;;;;;;;;;;GS_SEED;;;;;;
FaceUp;0.09570313;-0.2363281;-0.9609374;0;;;;;;;;;;;;;GS_SEED;;;;;;
FaceUp;0.1054687;-0.2460937;-0.9492187;0;;;;;;;;;;;;;GS_SEED;;;;;;
FaceUp;0.1035156;-0.3164062;-0.9335937;0;;;;;;;;;;;;;GS_SEED;;;;;;
FaceUp;0.03515625;-0.2226563;-1.011719;0;;;;;;;;;;;;;GS_SEED;;;;;;
FaceUp;0.1015625;-0.2851563;-0.9550781;0;;;;;;;;;;;;;GS_SEED;;;;;;
FaceUp;0.09765624;-0.2929687;-0.9648437;0;;;;;;;;;;;;;GS_SEED;;;;;;
FaceUp;-0.04101563;-0.2402344;-0.9394531;0;;;;;;;;;;;;;GS_SEED;;;;;;
FaceUp;-0.09179687;-0.2421875;-0.9394531;0;;;;;;;;;;;;;GS_SEED;;;;;;
FaceUp;-0.09960937;-0.2675781;-0.9140625;0;;;;;;;;;;;;;GS_SEED;;;;;;
FaceUp;-0.08593749;-0.2714843;-0.9589843;0;;;;;;;;;;;;;GS_SEED;;;;;;
FaceUp;-0.1113281;-0.2695312;-0.9296874;0;;;;;;;;;;;;;GS_SEED;;;;;;
FaceUp;-0.08984375;-0.2753906;-0.9511718;0;;;;;;;;;;;;;GS_SEED;;;;;;
FaceUp;-0.0625;-0.2753906;-0.9335937;0;;;;;;;;;;;;;GS_SEED;;;;;;
FaceUp;0.005859375;-0.2910156;-0.9453124;0;;;;;;;;;;;;;GS_SEED;;;;;;
FaceUp;0.03320312;-0.3046875;-0.9453124;0;;;;;;;;;;;;;GS_SEED;;;;;;
FaceUp;0.05273437;-0.3027344;-0.9472656;0;;;;;;;;;;;;;GS_SEED;;;;;;
FaceUp;0.08984375;-0.3066406;-0.9374999;0;;;;;;;;;;;;;GS_SEED;;;;;;
FaceUp;0.06054687;-0.2949218;-0.921875;0;;;;;;;;;;;;;GS_SEED;;;;;;
FaceUp;0.0546875;-0.3046875;-0.9414062;0;;;;;;;;;;;;;GS_SEED;;;;;;
FaceUp;0.05664063;-0.3027344;-0.9374999;0;;;;;;;;;;;;;GS_SEED;;;;;;
FaceUp;0.0546875;-0.3007813;-0.9433593;0;;;;;;;;;;;;;GS_SEED;;;;;;
FaceUp;0.046875;-0.3007813;-0.9453124;0;;;;;;;;;;;;;GS_SEED;;;;;;
FaceUp;0.02929687;-0.296875;-0.9394531;0;;;;;;;;;;;;;GS_SEED;;;;;;
FaceUp;0.01953125;-0.296875;-0.9374999;0;;;;;;;;;;;;;GS_SEED;;;;;;
FaceUp;0.0078125;-0.296875;-0.9414062;0;;;;;;;;;;;;;GS_SEED;;;;;;
FaceUp;0.00390625;-0.296875;-0.9335937;0;;;;;;;;;;;;;GS_SEED;;;;;;
FaceUp;0.00390625;-0.2929687;-0.9414062;0;;;;;;;;;;;;;GS_SEED;;;;;;
FaceUp;0.001953125;-0.2949218;-0.9374999;0;;;;;;;;;;;;;GS_SEED;;;;;;
FaceUp;0.00390625;-0.2988281;-0.9453124;0;;;;;;;;;;;;;GS_SEED;;;;;;
FaceUp;-0.009765625;-0.3007813;-0.9492187;0;;;;;;;;;;;;;GS_SEED;;;;;;
FaceUp;-0.02929687;-0.2988281;-0.9316406;0;;;;;;;;;;;;;GS_SEED;;;;;;
FaceUp;-0.0546875;-0.2988281;-0.9394531;0;;;;;;;;;;;;;GS_SEED;;;;;;
FaceUp;-0.06445313;-0.2851563;-0.9335937;0;;;;;;;;;;;;;GS_SEED;;;;;;
FaceUp;-0.1230469;-0.2871094;-0.9355468;0;;;;;;;;;;;;;GS_SEED;;;;;;
FaceUp;-0.1308594;-0.3046875;-0.9199219;0;;;;;;;;;;;;;GS_SEED;;;;;;
FaceUp;-0.125;-0.3007813;-0.9296874;0;;;;;;;;;;;;;GS_SEED;;;;;;
FaceUp;-0.1171875;-0.296875;-0.9140625;0;;;;;;;;;;;;;GS_SEED;;;;;;
FaceUp;-0.07617188;-0.2910156;-0.9277343;0;;;;;;;;;;;;;GS_SEED;;;;;;
FaceUp;0.06835937;-0.3085938;-0.9960938;0;;;;;;;;;;;;;GS_SEED;;;;;;
FaceUp;0.08593749;-0.3085938;-0.9355468;0;;;;;;;;;;;;;GS_SEED;;;;;;
FaceUp;0.09374999;-0.3066406;-0.9257812;0;;;;;;;;;;;;;GS_SEED;;;;;;
FaceUp;0.1152344;-0.3144531;-0.9355468;0;;;;;;;;;;;;;GS_SEED;;;;;;
FaceUp;0.1230469;-0.3183593;-0.9238281;0;;;;;;;;;;;;;GS_SEED;;;;;;
FaceUp;0.1074219;-0.3183593;-0.9374999;0;;;;;;;;;;;;;GS_SEED;;;;;;
FaceUp;0.0625;-0.3105469;-0.9492187;0;;;;;;;;;;;;;GS_SEED;;;;;;
FaceUp;0.03515625;-0.3203125;-0.9296874;0;;;;;;;;;;;;;GS_SEED;;;;;;
FaceUp;0.005859375;-0.3066406;-0.9472656;0;;;;;;;;;;;;;GS_SEED;;;;;;
FaceUp;-0.0625;-0.3203125;-0.9199219;0;;;;;;;;;;;;;GS_SEED;;;;;;
FaceUp;-0.1074219;-0.3164062;-0.9335937;0;;;;;;;;;;;;;GS_SEED;;;;;;
FaceUp;-0.1035156;-0.3222656;-0.9394531;0;;;;;;;;;;;;;GS_SEED;;;;;;
FaceUp;-0.09374999;-0.3203125;-0.9296874;0;;;;;;;;;;;;;GS_SEED;;;;;;
FaceUp;-0.09570313;-0.3164062;-0.921875;0;;;;;;;;;;;;;GS_SEED;;;;;;
FaceUp;-0.08398438;-0.3105469;-0.9003906;0;;;;;;;;;;;;;GS_SEED;;;;;;
FaceUp;-0.02734375;-0.3105469;-0.9453124;0;;;;;;;;;;;;;GS_SEED;;;;;;
FaceUp;0.046875;-0.3066406;-0.9746093;0;;;;;;;;;;;;;GS_SEED;;;;;;
FaceUp;0.02734375;-0.2910156;-0.9472656;0;;;;;;;;;;;;;GS_SEED;;;;;;
FaceUp;0.0234375;-0.2910156;-0.9355468;0;;;;;;;;;;;;;GS_SEED;;;;;;
FaceUp;0.01757813;-0.296875;-0.9453124;0;;;;;;;;;;;;;GS_SEED;;;;;;
FaceUp;0.00390625;-0.2929687;-0.9433593;0;;;;;;;;;;;;;GS_SEED;;;;;;
FaceUp;0.0078125;-0.2949218;-0.9414062;0;;;;;;;;;;;;;GS_SEED;;;;;;
FaceUp;0.0078125;-0.2929687;-0.9433593;0;;;;;;;;;;;;;GS_SEED;;;;;;
FaceUp;0.0078125;-0.2929687;-0.9394531;0;;;;;;;;;;;;;GS_SEED;;;;;;
FaceUp;0.005859375;-0.296875;-0.9472656;0;;;;;;;;;;;;;GS_SEED;;;;;;
FaceUp;0;-0.2949218;-0.9355468;0;;;;;;;;;;;;;GS_SEED;;;;;;
FaceUp;0.001953125;-0.296875;-0.9374999;0;;;;;;;;;;;;;GS_SEED;;;;;;
FaceUp;0.001953125;-0.296875;-0.9414062;0;;;;;;;;;;;;;GS_SEED;;;;;;
FaceUp;0.0078125;-0.3007813;-0.9374999;0;;;;;;;;;;;;;GS_SEED;;;;;;
FaceUp;0.009765625;-0.3046875;-0.9453124;0;;;;;;;;;;;;;GS_SEED;;;;;;
FaceUp;-0.00390625;-0.2949218;-0.9433593;0;;;;;;;;;;;;;GS_SEED;;;;;;
FaceUp;-0.005859375;-0.3027344;-0.9374999;0;;;;;;;;;;;;;GS_SEED;;;;;;
FaceUp;0.00390625;-0.3027344;-0.9374999;0;;;;;;;;;;;;;GS_SEED;;;;;;
FaceUp;0.001953125;-0.3085938;-0.9433593;0;;;;;;;;;;;;;GS_SEED;;;;;;
FaceUp;0;-0.3007813;-0.9433593;0;;;;;;;;;;;;;GS_SEED;;;;;;
FaceUp;0;-0.3046875;-0.9355468;0;;;;;;;;;;;;;GS_SEED;;;;;;
FaceUp;0.0078125;-0.3066406;-0.9453124;0;;;;;;;;;;;;;GS_SEED;;;;;;
FaceUp;0.001953125;-0.3027344;-0.9335937;0;;;;;;;;;;;;;GS_SEED;;;;;;
FaceUp;0;-0.3007813;-0.9433593;0;;;;;;;;;;;;;GS_SEED;;;;;;
FaceUp;0.001953125;-0.3027344;-0.9374999;0;;;;;;;;;;;;;GS_SEED;;;;;;
FaceUp;0.0078125;-0.3105469;-0.9453124;0;;;;;;;;;;;;;GS_SEED;;;;;;
FaceUp;0.005859375;-0.296875;-0.9335937;0;;;;;;;;;;;;;GS_SEED;;;;;;
FaceUp;0.01171875;-0.3066406;-0.9374999;0;;;;;;;;;;;;;GS_SEED;;;;;;
FaceUp;0;-0.3027344;-0.9335937;0;;;;;;;;;;;;;GS_SEED;;;;;;
FaceUp;0.005859375;-0.3066406;-0.9335937;0;;;;;;;;;;;;;GS_SEED;;;;;;
FaceUp;0.005859375;-0.2988281;-0.9414062;0;;;;;;;;;;;;;GS_SEED;;;;;;
FaceUp;0.0078125;-0.3027344;-0.9355468;0;;;;;;;;;;;;;GS_SEED;;;;;;
FaceUp;0.005859375;-0.3027344;-0.9374999;0;;;;;;;;;;;;;GS_SEED;;;;;;
FaceUp;0.009765625;-0.3046875;-0.9374999;0;;;;;;;;;;;;;GS_SEED;;;;;;
FaceUp;0.00390625;-0.3027344;-0.9394531;0;;;;;;;;;;;;;GS_SEED;;;;;;
FaceUp;0.001953125;-0.3027344;-0.9277343;0;;;;;;;;;;;;;GS_SEED;;;;;;
FaceUp;0.009765625;-0.3027344;-0.9492187;0;;;;;;;;;;;;;GS_SEED;Good;seed;landing;;;
FaceUp;0.00390625;-0.3085938;-0.9335937;0;;;;;;;;;;;;;GS_ISLAND;;;;;;
FaceUp;0.0078125;-0.3007813;-0.9374999;0;;;;;;;;;;;;;GS_ISLAND;;;;;;
FaceUp;0.00390625;-0.3046875;-0.9374999;0;;;;;;;;;;;;;GS_ISLAND;;;;;;
FaceUp;0.009765625;-0.2988281;-0.9492187;0;;;;;;;;;;;;;GS_ISLAND;;;;;;
FaceUp;0.009765625;-0.3085938;-0.9374999;0;;;;;;;;;;;;;GS_ISLAND;;;;;;
FaceUp;0.0234375;-0.2988281;-0.9414062;0;;;;;;;;;;;;;GS_ISLAND;;;;;;
FaceUp;0.01757813;-0.2929687;-0.9414062;0;;;;;;;;;;;;;GS_ISLAND;;;;;;
FaceUp;0.08984375;-0.3066406;-0.9121094;1;0;0.03333334;1;Began;452.2311;107.877;;;;;;;GS_ISLAND;;;;;;
FaceUp;0.04882812;-0.2636718;-0.9511718;0;;;;;;;;;;;;;GS_ISLAND;;;;;;
FaceUp;0.03320312;-0.2910156;-0.9472656;0;;;;;;;;;;;;;GS_ISLAND;;;;;;
FaceUp;0.03515625;-0.2753906;-0.9472656;0;;;;;;;;;;;;;GS_ISLAND;;;;;;
FaceUp;0.03515625;-0.2929687;-0.9355468;0;;;;;;;;;;;;;GS_ISLAND;;;;;;
FaceUp;0.08398438;-0.2773438;-0.8945313;0;;;;;;;;;;;;;GS_ISLAND;;;;;;
FaceUp;0.1015625;-0.2675781;-0.9570312;0;;;;;;;;;;;;;GS_ISLAND;;;;;;
FaceUp;0.09179687;-0.2246094;-0.9589843;0;;;;;;;;;;;;;GS_ISLAND;;;;;;
FaceUp;0.08007812;-0.21875;-0.90625;0;;;;;;;;;;;;;GS_ISLAND;;;;;;
FaceUp;0.09960937;-0.2148437;-0.9374999;0;;;;;;;;;;;;;GS_ISLAND;;;;;;
FaceUp;0.109375;-0.25;-0.890625;0;;;;;;;;;;;;;GS_ISLAND;;;;;;
FaceUp;0.08007812;-0.2421875;-0.986328;1;0;0.03333334;1;Stationary;368.4014;89.44958;;;;;;;GS_ISLAND;;;;;;
FaceUp;0.0625;-0.2089844;-0.9355468;2;0;0.03333334;1;Moved;377.7426;86.11459;1;0.03333334;1;Moved;250.6363;63.56281;GS_ISLAND;;;;;;
FaceUp;0.04296875;-0.2246094;-0.9941406;2;0;0.03333334;1;Moved;401.7184;83.3125;1;0.03333334;1;Moved;225.8031;76.33903;GS_ISLAND;;;;;;
FaceUp;0.03320312;-0.1816406;-0.986328;2;0;0.03333334;1;Moved;444.8163;81.60624;1;0.03333334;1;Moved;192.4079;82.86547;GS_ISLAND;;;;;;
FaceUp;0.01953125;-0.1796875;-0.9472656;2;0;0.03333334;1;Moved;472.3932;82.45094;1;0.03333334;1;Moved;167.8696;84.07493;GS_ISLAND;;;;;;
FaceUp;0.04492188;-0.1894531;-0.9707031;2;0;0.03333334;1;Moved;499.0352;84.34229;1;0.03333334;1;Moved;137.484;84.45885;GS_ISLAND;;;;;;
FaceUp;0.01953125;-0.1953125;-0.8984375;2;0;0.03333334;1;Ended;506.7834;87.92111;1;0.03333334;1;Ended;121.0875;92.52083;GS_ISLAND;;;;;;
FaceUp;-0.00390625;-0.2070312;-0.9023438;0;;;;;;;;;;;;;GS_ISLAND;;;;;;
FaceUp;0.1796875;-0.2871094;-1.013672;0;;;;;;;;;;;;;GS_ISLAND;;;;;;
FaceUp;0.203125;-0.3222656;-0.8300781;1;0;0.03333334;1;Stationary;292.9224;91.75299;;;;;;;GS_ISLAND;;;;;;
FaceUp;0.08789062;-0.2382812;-0.9570312;1;0;0.03333334;1;Moved;350.8516;117.4622;;;;;;;GS_ISLAND;;;;;;
FaceUp;0.1054687;-0.2265625;-0.9121094;1;0;0.03333334;1;Moved;432.5687;164.6328;;;;;;;GS_ISLAND;;;;;;
FaceUp;0.08007812;-0.2207031;-0.9433593;1;0;0.03333334;1;Moved;521.7692;210.4536;;;;;;;GS_ISLAND;;;;;;
FaceUp;0.05664063;-0.2636718;-0.8964844;0;;;;;;;;;;;;;GS_ISLAND;;;;;;
FaceUp;0.09765624;-0.2441406;-0.9374999;0;;;;;;;;;;;;;GS_ISLAND;;;;;;
FaceUp;0.09374999;-0.2539063;-0.9550781;0;;;;;;;;;;;;;GS_ISLAND;;;;;;
FaceUp;0.06835937;-0.2519531;-0.9570312;1;0;0.03333334;1;Moved;497.7971;194.2074;;;;;;;GS_ISLAND;;;;;;
FaceUp;0.05273437;-0.2148437;-0.9414062;1;0;0.03333334;1;Moved;457.49;185.624;;;;;;;GS_ISLAND;;;;;;
FaceUp;0.08398438;-0.2421875;-0.9335937;1;0;0.03333334;1;Moved;407.2541;181.3017;;;;;;;GS_ISLAND;;;;;;
FaceUp;0.08593749;-0.2636718;-0.9765624;1;0;0.03333334;1;Moved;365.1977;175.1332;;;;;;;GS_ISLAND;;;;;;
FaceUp;0.1113281;-0.2636718;-0.9316406;1;0;0.03333334;1;Moved;319.0917;164.1353;;;;;;;GS_ISLAND;;;;;;
FaceUp;0.1191406;-0.2578125;-0.9257812;1;0;0.03333334;1;Moved;290.2873;142.1587;;;;;;;GS_ISLAND;;;;;;
FaceUp;0.1054687;-0.2421875;-0.9374999;1;0;0.03333334;1;Moved;277.8375;107.2031;;;;;;;GS_ISLAND;;;;;;
FaceUp;0.1035156;-0.25;-0.9179688;0;;;;;;;;;;;;;GS_ISLAND;;;;;;
FaceUp;-0.0234375;-0.2167969;-0.9179688;0;;;;;;;;;;;;;GS_ISLAND;;;;;;
FaceUp;0.09765624;-0.2382812;-0.9277343;0;;;;;;;;;;;;;GS_ISLAND;;;;;;
FaceUp;0.109375;-0.2597656;-0.9589843;1;0;0.03333334;1;Stationary;507.1541;265.2775;;;;;;;GS_ISLAND;;;;;;
FaceUp;0.09179687;-0.2265625;-0.9453124;1;0;0.03333334;1;Moved;477.511;234.6938;;;;;;;GS_ISLAND;;;;;;
FaceUp;0.08593749;-0.21875;-0.9628906;1;0;0.03333334;1;Moved;451.499;202.1561;;;;;;;GS_ISLAND;;;;;;
FaceUp;0.078125;-0.2128906;-0.9628906;1;0;0.03333334;1;Moved;443.4686;189.7422;;;;;;;GS_ISLAND;;;;;;
FaceUp;0.0703125;-0.2128906;-0.9746093;1;0;0.03333334;1;Moved;445.1042;200.4579;;;;;;;GS_ISLAND;;;;;;
FaceUp;0.078125;-0.2265625;-0.9746093;1;0;0.03333334;1;Moved;453.9708;242.4005;;;;;;;GS_ISLAND;;;;;;
FaceUp;0.05273437;-0.2246094;-0.9843749;1;0;0.03333334;1;Moved;463.9575;289.6383;;;;;;;GS_ISLAND;;;;;;
FaceUp;0.05859375;-0.2246094;-0.9335937;1;0;0.03333334;1;Moved;464.1428;320.8418;;;;;;;GS_ISLAND;;;;;;
FaceUp;0.1152344;-0.2539063;-0.9882811;1;0;0.03333334;1;Moved;465.8538;350.5064;;;;;;;GS_ISLAND;;;;;;
FaceUp;0.1308594;-0.3007813;-0.9804687;0;;;;;;;;;;;;;GS_ISLAND;;;;;;
FaceUp;0.0234375;-0.203125;-0.9628906;0;;;;;;;;;;;;;GS_ISLAND;;;;;;
FaceUp;0.02148437;-0.2109375;-0.9511718;0;;;;;;;;;;;;;GS_ISLAND;;;;;;
FaceUp;0.06835937;-0.2226563;-0.9531249;0;;;;;;;;;;;;;GS_ISLAND;;;;;;
FaceUp;0.09960937;-0.2480469;-0.9980469;1;0;0.03333334;1;Moved;441.2506;240.851;;;;;;;GS_ISLAND;;;;;;
FaceUp;0.07421874;-0.2441406;-0.9531249;1;0;0.03333334;1;Moved;442.0145;223.4871;;;;;;;GS_ISLAND;;;;;;
FaceUp;0.06445313;-0.2304688;-0.9511718;1;0;0.03333334;1;Moved;442.6272;201.9521;;;;;;;GS_ISLAND;;;;;;
FaceUp;0.046875;-0.2226563;-0.9531249;1;0;0.03333334;1;Moved;445.2701;184.6925;;;;;;;GS_ISLAND;;;;;;
FaceUp;0.05273437;-0.2246094;-0.9589843;1;0;0.03333334;1;Moved;446.6508;178.3787;;;;;;;GS_ISLAND;;;;;;
FaceUp;0.06054687;-0.2363281;-0.9374999;1;0;0.03333334;1;Stationary;446.8931;177.1243;;;;;;;GS_ISLAND;;;;;;
FaceUp;0.0546875;-0.2207031;-0.9492187;1;0;0.03333334;1;Moved;446.6006;182.1948;;;;;;;GS_ISLAND;;;;;;
FaceUp;0.06640624;-0.2246094;-0.9589843;1;0;0.03333334;1;Moved;446.3107;200.9113;;;;;;;GS_ISLAND;;;;;;
FaceUp;0.06054687;-0.2109375;-0.9531249;1;0;0.03333334;1;Moved;446.6287;210.2009;;;;;;;GS_ISLAND;;;;;;
FaceUp;0.07421874;-0.2167969;-0.9746093;1;0;0.03333334;1;Stationary;446.1966;218.2898;;;;;;;GS_ISLAND;;;;;;
FaceUp;0.06640624;-0.2148437;-0.9589843;1;0;0.03333334;1;Stationary;446.1793;219.8986;;;;;;;GS_ISLAND;;;;;;
FaceUp;0.06640624;-0.2167969;-0.9628906;1;0;0.03333334;1;Stationary;446.1793;219.8986;;;;;;;GS_ISLAND;;;;;;
FaceUp;0.08203125;-0.2226563;-0.9902343;1;0;0.03333334;1;Stationary;446.1739;220.3999;;;;;;;GS_ISLAND;;;;;;
FaceUp;0.06640624;-0.2324219;-0.9843749;0;;;;;;;;;;;;;GS_ISLAND;;;;;;
FaceUp;0.08007812;-0.2617188;-0.9726562;0;;;;;;;;;;;;;GS_ISLAND;;;;;;
FaceUp;0.1289063;-0.2949218;-0.7792968;0;;;;;;;;;;;;;GS_ISLAND;;;;;;
FaceUp;0.0390625;-0.2695312;-0.9824218;2;0;0.03333334;1;Stationary;253.7376;198.8622;1;0.03333334;1;Stationary;371.292;206.5402;GS_ISLAND;;;;;;
FaceUp;0.109375;-0.2441406;-0.9765624;2;0;0.03333334;1;Moved;222.1613;197.0914;1;0.03333334;1;Moved;391.2993;198.2303;GS_ISLAND;;;;;;
FaceUp;0.08398438;-0.2246094;-0.9394531;2;0;0.03333334;1;Moved;202.6911;191.1909;1;0.03333334;1;Moved;409.9269;190.5257;GS_ISLAND;;;;;;
FaceUp;0.07421874;-0.2148437;-0.9472656;2;0;0.03333334;1;Moved;191.8626;187.025;1;0.03333334;1;Moved;418.2855;186.7597;GS_ISLAND;;;;;;
FaceUp;0.0703125;-0.2167969;-0.9472656;2;0;0.03333334;1;Moved;181.8772;182.9173;1;0.03333334;1;Moved;426.1353;184.0977;GS_ISLAND;;;;;;
FaceUp;0.04101563;-0.2128906;-0.9609374;2;0;0.03333334;1;Stationary;178.183;182.1303;1;0.03333334;1;Moved;432.3175;182.3543;GS_ISLAND;;;;;;
FaceUp;0.04882812;-0.2675781;-0.9453124;2;0;0.03333334;1;Moved;186.6512;190.8354;1;0.03333334;1;Moved;423.1906;182.7382;GS_ISLAND;;;;;;
FaceUp;0.0390625;-0.2695312;-0.9707031;2;0;0.03333334;2;Stationary;195.924;186.5773;1;0.03333334;1;Moved;407.7843;175.7859;GS_ISLAND;;;;;;
FaceUp;0.1015625;-0.2773438;-0.9804687;2;0;0.03333334;2;Stationary;200.0379;175.4827;1;0.03333334;1;Stationary;389.7544;173.5245;GS_ISLAND;;;;;;
FaceUp;0.08593749;-0.2578125;-0.9414062;2;0;0.03333334;2;Moved;204.084;173.8762;1;0.03333334;1;Moved;384.7819;173.5245;GS_ISLAND;;;;;;
FaceUp;0.09570313;-0.2539063;-0.9472656;2;0;0.03333334;2;Stationary;211.6746;172.537;1;0.03333334;1;Stationary;382.2124;173.1406;GS_ISLAND;;;;;;
FaceUp;0.09374999;-0.2539063;-0.9374999;2;0;0.03333334;2;Moved;215.6085;171.977;1;0.03333334;1;Moved;376.9128;172.3728;GS_ISLAND;;;;;;
FaceUp;0.09179687;-0.2617188;-0.9628906;2;0;0.03333334;2;Moved;220.6559;171.938;1;0.03333334;1;Stationary;373.8615;172.3728;GS_ISLAND;;;;;;
FaceUp;0.08789062;-0.2539063;-0.9394531;2;0;0.03333334;2;Stationary;220.6559;171.938;1;0.03333334;1;Stationary;373.8615;172.3728;GS_ISLAND;;;;;;
FaceUp;0.07617188;-0.2460937;-0.9531249;2;0;0.03333334;2;Moved;220.7699;171.5686;1;0.03333334;1;Moved;379.1478;170.8892;GS_ISLAND;;;;;;
FaceUp;0.06445313;-0.25;-0.9472656;2;0;0.03333334;2;Stationary;220.4383;171.3791;1;0.03333334;1;Stationary;380.6065;170.4533;GS_ISLAND;;;;;;
FaceUp;0.08789062;-0.265625;-0.9726562;2;0;0.03333334;2;Stationary;220.4383;171.3791;1;0.03333334;1;Stationary;380.6065;170.4533;GS_ISLAND;;;;;;
FaceUp;0.06054687;-0.25;-0.8515624;2;0;0.03333334;2;Moved;221.3104;176.6593;1;0.03333334;1;Ended;382.561;175.1258;GS_ISLAND;;;;;;
FaceUp;0.001953125;-0.2949218;-0.9316406;0;;;;;;;;;;;;;GS_ISLAND;;;;;;
FaceUp;0.1054687;-0.2832031;-1.039063;1;0;0.03333334;1;Moved;445.9357;267.6585;;;;;;;GS_ISLAND;;;;;;
FaceUp;0.03515625;-0.2929687;-0.9414062;1;0;0.03333334;1;Moved;445.548;255.5133;;;;;;;GS_ISLAND;;;;;;
FaceUp;0.05273437;-0.2675781;-0.9414062;1;0;0.03333334;1;Moved;436.3016;238.9429;;;;;;;GS_ISLAND;;;;;;
FaceUp;0.05859375;-0.265625;-0.9589843;1;0;0.03333334;1;Moved;433.5373;225.1855;;;;;;;GS_ISLAND;;;;;;
FaceUp;0.02539063;-0.2792969;-0.9531249;1;0;0.03333334;1;Moved;433.4819;219.9229;;;;;;;GS_ISLAND;;;;;;
FaceUp;0.02929687;-0.2578125;-0.9511718;1;0;0.03333334;1;Stationary;433.1164;215.3986;;;;;;;GS_ISLAND;;;;;;
FaceUp;0.04101563;-0.2558594;-0.9570312;1;0;0.03333334;1;Moved;433.0308;214.885;;;;;;;GS_ISLAND;;;;;;
FaceUp;0.0546875;-0.2480469;-0.9433593;1;0;0.03333334;1;Moved;433.6969;224.248;;;;;;;GS_ISLAND;;;;;;
FaceUp;0.05078125;-0.2539063;-0.9511718;1;0;0.03333334;1;Stationary;434.5682;230.2116;;;;;;;GS_ISLAND;;;;;;
FaceUp;0.05078125;-0.2519531;-0.9609374;1;0;0.03333334;1;Stationary;435.6175;233.3797;;;;;;;GS_ISLAND;;;;;;
FaceUp;0.04882812;-0.2539063;-0.9531249;1;0;0.03333334;1;Moved;436.1557;234.7953;;;;;;;GS_ISLAND;;;;;;
FaceUp;0.05078125;-0.25;-0.9628906;1;0;0.03333334;1;Stationary;436.1557;234.7953;;;;;;;GS_ISLAND;;;;;;
FaceUp;0.04882812;-0.2480469;-0.9492187;1;0;0.03333334;1;Moved;436.8898;240.3984;;;;;;;GS_ISLAND;;;;;;
FaceUp;0.05664063;-0.2519531;-0.9589843;1;0;0.03333334;1;Moved;437.7577;247.8336;;;;;;;GS_ISLAND;;;;;;
FaceUp;0.04882812;-0.25;-0.9511718;1;0;0.03333334;1;Moved;437.9429;251.2676;;;;;;;GS_ISLAND;;;;;;
FaceUp;0.05273437;-0.2480469;-0.9570312;1;0;0.03333334;1;Stationary;437.4301;254.8264;;;;;;;GS_ISLAND;;;;;;
FaceUp;0.0546875;-0.2539063;-0.9550781;1;0;0.03333334;1;Stationary;436.8185;258.1163;;;;;;;GS_ISLAND;;;;;;
FaceUp;0.04296875;-0.2539063;-0.9511718;1;0;0.03333334;1;Stationary;436.8185;258.1163;;;;;;;GS_ISLAND;;;;;;
FaceUp;0.0390625;-0.2519531;-0.9453124;1;0;0.03333334;1;Stationary;436.8185;258.1163;;;;;;;GS_ISLAND;;;;;;
FaceUp;0.04492188;-0.25;-0.9628906;1;0;0.03333334;1;Moved;435.1915;258.6113;;;;;;;GS_ISLAND;;;;;;
FaceUp;0.0390625;-0.2539063;-0.9628906;1;0;0.03333334;1;Moved;431.8038;258.0916;;;;;;;GS_ISLAND;;;;;;
FaceUp;0.04492188;-0.2460937;-0.9550781;1;0;0.03333334;1;Stationary;424.993;256.8297;;;;;;;GS_ISLAND;;;;;;
FaceUp;0.04296875;-0.2558594;-0.9492187;1;0;0.03333334;1;Stationary;420.1541;256.6353;;;;;;;GS_ISLAND;;;;;;
FaceUp;0.03515625;-0.25;-0.9589843;1;0;0.03333334;1;Moved;417.7441;258.7158;;;;;;;GS_ISLAND;;;;;;
FaceUp;0.04492188;-0.2539063;-0.9570312;1;0;0.03333334;1;Stationary;416.5975;261.6079;;;;;;;GS_ISLAND;;;;;;
FaceUp;0.04492188;-0.25;-0.9570312;1;0;0.03333334;1;Moved;416.8276;267.955;;;;;;;GS_ISLAND;;;;;;
FaceUp;0.05273437;-0.2402344;-0.9550781;1;0;0.03333334;1;Stationary;417.6775;271.3054;;;;;;;GS_ISLAND;;;;;;
FaceUp;0.05078125;-0.2382812;-0.9492187;1;0;0.03333334;1;Stationary;418.5863;274.436;;;;;;;GS_ISLAND;;;;;;
FaceUp;0.04101563;-0.2421875;-0.9492187;1;0;0.03333334;1;Moved;419.4099;275.5865;;;;;;;GS_ISLAND;;;;;;
FaceUp;0.03515625;-0.2460937;-0.9492187;1;0;0.03333334;1;Stationary;419.4099;275.5865;;;;;;;GS_ISLAND;;;;;;
FaceUp;0.03515625;-0.2402344;-0.9472656;1;0;0.03333334;1;Stationary;419.4099;275.5865;;;;;;;GS_ISLAND;;;;;;
FaceUp;0.05664063;-0.2402344;-0.9531249;1;0;0.03333334;1;Stationary;419.4099;275.5865;;;;;;;GS_ISLAND;;;;;;
FaceUp;0.04882812;-0.2382812;-0.9550781;1;0;0.03333334;1;Stationary;420.955;277.7839;;;;;;;GS_ISLAND;;;;;;
FaceUp;0.05273437;-0.2402344;-0.9550781;1;0;0.03333334;1;Stationary;422.3418;280.2931;;;;;;;GS_ISLAND;;;;;;
FaceUp;0.05664063;-0.2402344;-0.9589843;1;0;0.03333334;1;Moved;422.9181;281.8125;;;;;;;GS_ISLAND;;;;;;
FaceUp;0.05273437;-0.2382812;-0.9570312;1;0;0.03333334;1;Moved;423.3965;284.9112;;;;;;;GS_ISLAND;;;;;;
FaceUp;0.046875;-0.2421875;-0.9550781;1;0;0.03333334;1;Stationary;423.4472;286.5033;;;;;;;GS_ISLAND;;;;;;
FaceUp;0.05273437;-0.2402344;-0.9687499;1;0;0.03333334;1;Stationary;423.4472;286.5033;;;;;;;GS_ISLAND;;;;;;
FaceUp;0.046875;-0.2480469;-0.9414062;1;0;0.03333334;1;Stationary;423.5882;288.2552;;;;;;;GS_ISLAND;;;;;;
FaceUp;0.04882812;-0.2539063;-0.9628906;0;;;;;;;;;;;;;GS_ISLAND;;;;;;
FaceUp;0.001953125;-0.2246094;-0.9609374;0;;;;;;;;;;;;;GS_ISLAND;;;;;;
FaceUp;0.005859375;-0.2207031;-0.8437499;0;;;;;;;;;;;;;GS_ISLAND;;;;;;
FaceUp;0.03515625;-0.2519531;-0.9609374;2;0;0.03333334;1;Moved;470.5302;175.985;1;0.03333334;1;Moved;175.0875;177.9584;GS_ISLAND;;;;;;
FaceUp;0.04492188;-0.2558594;-0.9667968;2;0;0.03333334;1;Stationary;461.1009;175.4245;1;0.03333334;1;Stationary;183.7189;176.5957;GS_ISLAND;;;;;;
FaceUp;0.0546875;-0.2578125;-0.9472656;2;0;0.03333334;1;Stationary;457.9953;174.7869;1;0.03333334;1;Stationary;186.9308;176.2118;GS_ISLAND;;;;;;
FaceUp;0.046875;-0.2675781;-0.9511718;2;0;0.03333334;1;Moved;453.0556;172.2925;1;0.03333334;1;Stationary;191.1062;176.2118;GS_ISLAND;;;;;;
FaceUp;0.046875;-0.2675781;-0.9531249;2;0;0.03333334;1;Stationary;450.4157;170.6071;1;0.03333334;1;Stationary;193.6757;176.2118;GS_ISLAND;;;;;;
FaceUp;0.046875;-0.2597656;-0.9511718;2;0;0.03333334;1;Stationary;450.4157;170.6071;1;0.03333334;1;Stationary;193.6757;176.2118;GS_ISLAND;;;;;;
FaceUp;0.04101563;-0.2675781;-0.9453124;2;0;0.03333334;1;Stationary;450.048;170.4218;1;0.03333334;1;Stationary;194.9604;176.9796;GS_ISLAND;;;;;;
FaceUp;0.04296875;-0.2636718;-0.9941406;2;0;0.03333334;1;Stationary;449.8322;170.313;1;0.03333334;1;Moved;195.2816;178.5153;GS_ISLAND;;;;;;
FaceUp;-0.001953125;-0.25;-0.9238281;0;;;;;;;;;;;;;GS_ISLAND;;;;;;
FaceUp;0.02929687;-0.2949218;-0.9140625;0;;;;;;;;;;;;;GS_ISLAND;;;;;;
FaceUp;0.03125;-0.2851563;-0.9374999;1;0;0.03333334;1;Stationary;460.6267;233.1805;;;;;;;GS_ISLAND;;;;;;
FaceUp;0.03320312;-0.2773438;-0.9238281;1;0;0.03333334;1;Moved;455.3047;209.5972;;;;;;;GS_ISLAND;;;;;;
FaceUp;0.02539063;-0.2871094;-0.9374999;1;0;0.03333334;1;Moved;450.809;203.2338;;;;;;;GS_ISLAND;;;;;;
FaceUp;0.02929687;-0.2890625;-0.9414062;1;0;0.03333334;1;Stationary;450.1428;202.125;;;;;;;GS_ISLAND;;;;;;
FaceUp;0.0234375;-0.28125;-0.9414062;1;0;0.03333334;1;Moved;449.4906;201.2563;;;;;;;GS_ISLAND;;;;;;
FaceUp;0.04492188;-0.2773438;-0.9570312;1;0;0.03333334;1;Moved;448.7137;203.6986;;;;;;;GS_ISLAND;;;;;;
FaceUp;0.04882812;-0.2695312;-0.9531249;1;0;0.03333334;1;Moved;449.2322;206.8882;;;;;;;GS_ISLAND;;;;;;
FaceUp;0.04882812;-0.2695312;-0.9550781;1;0;0.03333334;1;Stationary;450.1156;208.2411;;;;;;;GS_ISLAND;;;;;;
FaceUp;0.04492188;-0.265625;-0.9453124;1;0;0.03333334;1;Stationary;450.1156;208.2411;;;;;;;GS_ISLAND;;;;;;
FaceUp;0.046875;-0.2675781;-0.9492187;1;0;0.03333334;1;Stationary;450.1156;208.2411;;;;;;;GS_ISLAND;;;;;;
FaceUp;0.046875;-0.2695312;-0.9433593;1;0;0.03333334;1;Moved;451.3523;208.8655;;;;;;;GS_ISLAND;;;;;;
FaceUp;0.046875;-0.265625;-0.9570312;1;0;0.03333334;1;Moved;453.7967;209.2455;;;;;;;GS_ISLAND;;;;;;
FaceUp;0.04101563;-0.2636718;-0.9589843;1;0;0.03333334;1;Moved;456.4502;209.3048;;;;;;;GS_ISLAND;;;;;;
FaceUp;0.03515625;-0.265625;-0.9492187;1;0;0.03333334;1;Moved;457.9046;209.3054;;;;;;;GS_ISLAND;;;;;;
FaceUp;0.04101563;-0.265625;-0.9511718;1;0;0.03333334;1;Moved;459.2035;209.7458;;;;;;;GS_ISLAND;;;;;;
FaceUp;0.04101563;-0.2597656;-0.9609374;1;0;0.03333334;1;Stationary;459.2035;209.7458;;;;;;;GS_ISLAND;;;;;;
FaceUp;0.0390625;-0.25;-0.9570312;1;0;0.03333334;1;Stationary;459.2035;209.7458;;;;;;;GS_ISLAND;;;;;;
FaceUp;0.05078125;-0.2636718;-0.9687499;1;0;0.03333334;1;Stationary;459.2035;209.7458;;;;;;;GS_ISLAND;;;;;;
FaceUp;0.0703125;-0.25;-0.9628906;1;0;0.03333334;1;Stationary;460.0645;210.8202;;;;;;;GS_ISLAND;;;;;;
FaceUp;0.02929687;-0.2480469;-0.8789062;1;0;0.03333334;1;Ended;459.2093;212.7009;;;;;;;GS_ISLAND;;;;;;
FaceUp;0.06640624;-0.2832031;-0.9374999;0;;;;;;;;;;;;;GS_ISLAND;;;;;;
FaceUp;0.04882812;-0.2890625;-0.9433593;0;;;;;;;;;;;;;GS_ISLAND;;;;;;
FaceUp;0.0390625;-0.2871094;-0.9589843;0;;;;;;;;;;;;;GS_ISLAND;;;;;;
FaceUp;0.07421874;-0.2753906;-0.9199219;0;;;;;;;;;;;;;GS_ISLAND;;;;;;
FaceUp;0.04101563;-0.2929687;-0.9374999;0;;;;;;;;;;;;;GS_ISLAND;;;;;;
FaceUp;0.046875;-0.2988281;-0.9589843;0;;;;;;;;;;;;;GS_ISLAND;;;;;;
FaceUp;0.05664063;-0.2832031;-0.9374999;0;;;;;;;;;;;;;GS_ISLAND;;;;;;
FaceUp;0.0625;-0.2871094;-0.9414062;0;;;;;;;;;;;;;GS_ISLAND;;;;;;
FaceUp;0.05859375;-0.2871094;-0.9374999;0;;;;;;;;;;;;;GS_ISLAND;;;;;;
FaceUp;0.078125;-0.2753906;-0.9453124;0;;;;;;;;;;;;;GS_ISLAND;;;;;;
FaceUp;0.0703125;-0.2851563;-0.9472656;0;;;;;;;;;;;;;GS_ISLAND;;;;;;
FaceUp;0.07226562;-0.265625;-0.9453124;0;;;;;;;;;;;;;GS_ISLAND;;;;;;
FaceUp;0.08593749;-0.28125;-0.9765624;0;;;;;;;;;;;;;GS_ISLAND;;;;;;
FaceUp;0.07421874;-0.25;-0.9355468;0;;;;;;;;;;;;;GS_ISLAND;;;;;;
FaceUp;0.04296875;-0.2636718;-0.9199219;0;;;;;;;;;;;;;GS_ISLAND;;;;;;
FaceUp;0.04492188;-0.2949218;-1.003906;0;;;;;;;;;;;;;GS_ISLAND;;;;;;
FaceUp;0.04296875;-0.2890625;-0.9316406;0;;;;;;;;;;;;;GS_ISLAND;;;;;;
FaceUp;-0.0234375;-0.3164062;-0.9374999;0;;;;;;;;;;;;;GS_ISLAND;;;;;;
FaceUp;-0.0234375;-0.3300781;-0.9804687;0;;;;;;;;;;;;;GS_ISLAND;;;;;;
FaceUp;-0.0234375;-0.3183593;-0.8710937;0;;;;;;;;;;;;;GS_ISLAND;;;;;;
FaceUp;0.1074219;-0.3476562;-0.8359374;0;;;;;;;;;;;;;GS_ISLAND;;;;;;
FaceUp;0.171875;-0.3496093;-0.8574218;0;;;;;;;;;;;;;GS_ISLAND;;;;;;
FaceUp;0.1347656;-0.3007813;-0.8671874;0;;;;;;;;;;;;;GS_ISLAND;;;;;;
FaceUp;0.1113281;-0.2773438;-0.8261718;0;;;;;;;;;;;;;GS_ISLAND;;;;;;
FaceUp;0.09960937;-0.2265625;-1.078125;0;;;;;;;;;;;;;GS_ISLAND;;;;;;
FaceUp;0.06445313;-0.1386719;-1.210938;0;;;;;;;;;;;;;GS_ISLAND;;;;;;
FaceUp;0.1699219;-0.1054687;-0.9687499;0;;;;;;;;;;;;;GS_ISLAND;;;;;;
FaceUp;0.2324219;-0.109375;-1.068359;0;;;;;;;;;;;;;GS_ISLAND;;;;;;
FaceUp;0.1445312;-0.1679688;-1.023438;0;;;;;;;;;;;;;GS_ISLAND;;;;;;
FaceUp;0.1113281;-0.2070312;-0.9121094;0;;;;;;;;;;;;;GS_ISLAND;;;;;;
FaceUp;0.2207031;-0.1835937;-0.8867186;0;;;;;;;;;;;;;GS_ISLAND;;;;;;
FaceUp;0.09570313;-0.2519531;-0.8847656;0;;;;;;;;;;;;;GS_ISLAND;;;;;;
FaceUp;0.08007812;-0.1699219;-0.9589843;0;;;;;;;;;;;;;GS_ISLAND;;;;;;
FaceUp;0.01953125;-0.171875;-1.074219;0;;;;;;;;;;;;;GS_ISLAND;;;;;;
FaceUp;0.00390625;-0.1796875;-1.009766;0;;;;;;;;;;;;;GS_ISLAND;;;;;;
FaceUp;0.08007812;-0.171875;-0.9082031;0;;;;;;;;;;;;;GS_ISLAND;;;;;;
FaceUp;0.09765624;-0.2011719;-0.9824218;0;;;;;;;;;;;;;GS_ISLAND;;;;;;
FaceUp;0.06640624;-0.234375;-0.9628906;0;;;;;;;;;;;;;GS_ISLAND;;;;;;
FaceUp;0.1132813;-0.2109375;-0.9511718;0;;;;;;;;;;;;;GS_ISLAND;;;;;;
FaceUp;0.07421874;-0.2089844;-0.9628906;0;;;;;;;;;;;;;GS_ISLAND;;;;;;
FaceUp;0.25;-0.1035156;-0.9746093;0;;;;;;;;;;;;;GS_ISLAND;;;;;;
FaceUp;-0.06640624;-0.2128906;-1.048828;0;;;;;;;;;;;;;GS_ISLAND;;;;;;
FaceUp;0.2324219;-0.1503906;-1.212891;0;;;;;;;;;;;;;GS_ISLAND;;;;;;
FaceUp;0.05859375;-0.2324219;-1.023438;0;;;;;;;;;;;;;GS_ISLAND;;;;;;
FaceUp;0.09179687;-0.1601562;-1.332031;0;;;;;;;;;;;;;GS_ISLAND;;;;;;
FaceUp;-0.15625;-0.2617188;-0.7011718;0;;;;;;;;;;;;;GS_ISLAND;;;;;;
FaceUp;-0.109375;-0.1210937;-0.921875;0;;;;;;;;;;;;;GS_ISLAND;;;;;;
FaceUp;-0.07421874;-0.3320313;-0.9140625;0;;;;;;;;;;;;;GS_ISLAND;;;;;;
FaceUp;0.009765625;-0.3222656;-0.9277343;0;;;;;;;;;;;;;GS_ISLAND;;;;;;
FaceUp;0.01757813;-0.3652343;-0.9199219;0;;;;;;;;;;;;;GS_ISLAND;;;;;;
FaceUp;-0.02734375;-0.2890625;-0.9199219;0;;;;;;;;;;;;;GS_ISLAND;;;;;;
FaceUp;-0.03320312;-0.296875;-0.921875;0;;;;;;;;;;;;;GS_ISLAND;;;;;;
FaceUp;0.005859375;-0.3339844;-0.8730468;0;;;;;;;;;;;;;GS_ISLAND;;;;;;
FaceUp;0.02148437;-0.3300781;-0.9179688;0;;;;;;;;;;;;;GS_ISLAND;;;;;;
FaceUp;0.01953125;-0.3222656;-0.9511718;0;;;;;;;;;;;;;GS_ISLAND;;;;;;
FaceUp;0.03320312;-0.2871094;-0.9765624;0;;;;;;;;;;;;;GS_ISLAND;;;;;;
FaceUp;0.07421874;-0.3671875;-0.9101563;0;;;;;;;;;;;;;GS_ISLAND;;;;;;
FaceUp;0.03515625;-0.3066406;-0.9550781;0;;;;;;;;;;;;;GS_ISLAND;;;;;;
FaceUp;0.02929687;-0.2988281;-0.9160156;0;;;;;;;;;;;;;GS_ISLAND;;;;;;
FaceUp;0.0390625;-0.3300781;-0.9101563;0;;;;;;;;;;;;;GS_ISLAND;;;;;;
FaceUp;0.02539063;-0.2890625;-0.9550781;0;;;;;;;;;;;;;GS_ISLAND;;;;;;
FaceUp;0.03710937;-0.3164062;-0.9296874;0;;;;;;;;;;;;;GS_ISLAND;;;;;;
FaceUp;0.04101563;-0.3222656;-0.9257812;0;;;;;;;;;;;;;GS_ISLAND;;;;;;
FaceUp;0.04296875;-0.3261718;-0.9374999;0;;;;;;;;;;;;;GS_ISLAND;;;;;;
FaceUp;0.046875;-0.3242187;-0.9453124;0;;;;;;;;;;;;;GS_ISLAND;;;;;;
FaceUp;0.03515625;-0.3261718;-0.9550781;0;;;;;;;;;;;;;GS_ISLAND;;;;;;
FaceUp;0.03515625;-0.3046875;-0.9257812;0;;;;;;;;;;;;;GS_ISLAND;;;;;;
FaceUp;0.04101563;-0.3164062;-0.9374999;0;;;;;;;;;;;;;GS_ISLAND;;;;;;
FaceUp;0.04296875;-0.3183593;-0.9394531;0;;;;;;;;;;;;;GS_ISLAND;;;;;;
FaceUp;0.03710937;-0.3222656;-0.9316406;0;;;;;;;;;;;;;GS_ISLAND;;;;;;
FaceUp;0.04101563;-0.328125;-0.9296874;0;;;;;;;;;;;;;GS_ISLAND;;;;;;
FaceUp;0.03320312;-0.3183593;-0.9316406;0;;;;;;;;;;;;;GS_ISLAND;;;;;;
FaceUp;0.03710937;-0.3261718;-0.9238281;0;;;;;;;;;;;;;GS_ISLAND;;;;;;
FaceUp;0.03515625;-0.3203125;-0.9238281;0;;;;;;;;;;;;;GS_ISLAND;;;;;;
FaceUp;0.02148437;-0.3183593;-0.9394531;0;;;;;;;;;;;;;GS_ISLAND;;;;;;
FaceUp;0.01757813;-0.3164062;-0.9355468;0;;;;;;;;;;;;;GS_ISLAND;;;;;;
FaceUp;0.02734375;-0.3222656;-0.9277343;0;;;;;;;;;;;;;GS_ISLAND;;;;;;
FaceUp;0.0078125;-0.3105469;-0.9355468;0;;;;;;;;;;;;;GS_ISLAND;;;;;;
FaceUp;0.02539063;-0.3203125;-0.9179688;0;;;;;;;;;;;;;GS_ISLAND;;;;;;
FaceUp;0.01367187;-0.3085938;-0.9394531;0;;;;;;;;;;;;;GS_ISLAND;;;;;;
FaceUp;0.015625;-0.3183593;-0.9394531;0;;;;;;;;;;;;;GS_ISLAND;;;;;;
FaceUp;0.0234375;-0.3183593;-0.9355468;0;;;;;;;;;;;;;GS_ISLAND;;;;;;
FaceUp;0.01757813;-0.3222656;-0.9355468;0;;;;;;;;;;;;;GS_ISLAND;;;;;;
FaceUp;0.01953125;-0.3203125;-0.9296874;0;;;;;;;;;;;;;GS_ISLAND;;;;;;
FaceUp;0.02148437;-0.3203125;-0.9316406;0;;;;;;;;;;;;;GS_ISLAND;;;;;;
FaceUp;0.0234375;-0.3242187;-0.9433593;0;;;;;;;;;;;;;GS_ISLAND;;;;;;
FaceUp;0.0234375;-0.3261718;-0.9335937;0;;;;;;;;;;;;;GS_ISLAND;;;;;;
FaceUp;0.01171875;-0.3125;-0.9355468;0;;;;;;;;;;;;;GS_ISLAND;;;;;;
FaceUp;0.02539063;-0.3320313;-0.9160156;0;;;;;;;;;;;;;GS_ISLAND;;;;;;
FaceUp;0.02929687;-0.3300781;-0.9199219;0;;;;;;;;;;;;;GS_ISLAND;;;;;;
FaceUp;0.0234375;-0.3222656;-0.9414062;0;;;;;;;;;;;;;GS_ISLAND;;;;;;
FaceUp;0.0234375;-0.3203125;-0.9355468;0;;;;;;;;;;;;;GS_ISLAND;;;;;;
FaceUp;0.02148437;-0.328125;-0.9355468;0;;;;;;;;;;;;;GS_ISLAND;;;;;;
FaceUp;0.01757813;-0.3105469;-0.9238281;0;;;;;;;;;;;;;GS_ISLAND;;;;;;
FaceUp;0.02148437;-0.3242187;-0.9355468;0;;;;;;;;;;;;;GS_ISLAND;;;;;;
FaceUp;0.0234375;-0.3261718;-0.9316406;0;;;;;;;;;;;;;GS_ISLAND;;;;;;
FaceUp;0.01757813;-0.3183593;-0.9355468;0;;;;;;;;;;;;;GS_ISLAND;;;;;;
FaceUp;0.02148437;-0.3144531;-0.9335937;0;;;;;;;;;;;;;GS_ISLAND;;;;;;
FaceUp;0.02929687;-0.3300781;-0.9414062;0;;;;;;;;;;;;;GS_ISLAND;;;;;;
FaceUp;0.005859375;-0.2832031;-0.9550781;0;;;;;;;;;;;;;GS_ISLAND;;;;;;
FaceUp;0.04296875;-0.3359375;-0.9257812;0;;;;;;;;;;;;;GS_ISLAND;;;;;;
FaceUp;0.02539063;-0.3164062;-0.9667968;0;;;;;;;;;;;;;GS_ISLAND;;;;;;
FaceUp;0.04882812;-0.3300781;-0.9140625;0;;;;;;;;;;;;;GS_ISLAND;;;;;;
FaceUp;0.02929687;-0.3300781;-0.9570312;0;;;;;;;;;;;;;GS_ISLAND;;;;;;
FaceUp;0.04882812;-0.3242187;-0.9238281;0;;;;;;;;;;;;;GS_ISLAND;;;;;;
FaceUp;0.04296875;-0.3261718;-0.9355468;0;;;;;;;;;;;;;GS_ISLAND;;;;;;
FaceUp;0.04492188;-0.3300781;-0.9374999;0;;;;;;;;;;;;;GS_ISLAND;;;;;;
FaceUp;0.02734375;-0.3183593;-0.9453124;0;;;;;;;;;;;;;GS_ISLAND;;;;;;
FaceUp;0.03515625;-0.3027344;-0.8613281;0;;;;;;;;;;;;;GS_ISLAND;;;;;;
FaceUp;0.0625;-0.3320313;-0.9492187;0;;;;;;;;;;;;;GS_ISLAND;;;;;;
FaceUp;0.04296875;-0.3183593;-0.9277343;0;;;;;;;;;;;;;GS_ISLAND;;;;;;
FaceUp;-0.015625;-0.3339844;-0.6289062;0;;;;;;;;;;;;;GS_ISLAND;;;;;;
FaceUp;-0.09570313;-0.2324219;-0.8476562;0;;;;;;;;;;;;;GS_ISLAND;;;;;;
FaceUp;0.08984375;-0.3046875;-0.921875;0;;;;;;;;;;;;;GS_ISLAND;;;;;;
FaceUp;0.02148437;-0.04492188;-1.066406;0;;;;;;;;;;;;;GS_ISLAND;;;;;;
FaceUp;-0.1347656;0.03320312;-0.9589843;0;;;;;;;;;;;;;GS_ISLAND;;;;;;
FaceUp;-0.1972656;0.1308594;-1.107422;0;;;;;;;;;;;;;GS_ISLAND;;;;;;
FaceUp;-0.1816406;0.2011719;-1.052734;0;;;;;;;;;;;;;GS_ISLAND;;;;;;
FaceUp;-0.1796875;0.1367187;-1.021484;0;;;;;;;;;;;;;GS_ISLAND;;;;;;
FaceUp;-0.1269531;0.078125;-0.8984375;0;;;;;;;;;;;;;GS_ISLAND;;;;;;
FaceUp;0;0.005859375;-0.9902343;0;;;;;;;;;;;;;GS_ISLAND;;;;;;
FaceUp;-0.09374999;-0.02148437;-1.072266;0;;;;;;;;;;;;;GS_ISLAND;;;;;;
FaceUp;0.001953125;0.02734375;-0.9023438;0;;;;;;;;;;;;;GS_ISLAND;;;;;;
FaceUp;0.01757813;0.01171875;-0.9804687;0;;;;;;;;;;;;;GS_ISLAND;;;;;;
FaceUp;0.01367187;0.00390625;-0.9843749;0;;;;;;;;;;;;;GS_ISLAND;;;;;;
FaceUp;0.02148437;0;-0.9882811;0;;;;;;;;;;;;;GS_ISLAND;;;;;;
FaceUp;0.02148437;-0.001953125;-0.9882811;0;;;;;;;;;;;;;GS_ISLAND;;;;;;
FaceUp;0.02539063;0.00390625;-0.986328;0;;;;;;;;;;;;;GS_ISLAND;;;;;;
FaceUp;0.02148437;0.00390625;-0.986328;0;;;;;;;;;;;;;GS_ISLAND;;;;;;
FaceUp;0.02148437;0.001953125;-0.9882811;0;;;;;;;;;;;;;GS_ISLAND;;;;;;
FaceUp;0.02148437;0.001953125;-0.986328;0;;;;;;;;;;;;;GS_ISLAND;;;;;;
FaceUp;0.0234375;0.001953125;-0.9882811;0;;;;;;;;;;;;;GS_ISLAND;;;;;;
FaceUp;0.0234375;0.00390625;-0.9882811;0;;;;;;;;;;;;;GS_ISLAND;;;;;;
FaceUp;0.02539063;0.00390625;-0.9882811;0;;;;;;;;;;;;;GS_ISLAND;;;;;;
FaceUp;0.02539063;0.001953125;-0.9882811;0;;;;;;;;;;;;;GS_ISLAND;;;;;;
FaceUp;0.02734375;0.001953125;-0.986328;0;;;;;;;;;;;;;GS_ISLAND;;;;;;
FaceUp;0.02734375;0.00390625;-0.9882811;0;;;;;;;;;;;;;GS_ISLAND;;;;;;
FaceUp;0.0234375;0.001953125;-0.986328;0;;;;;;;;;;;;;GS_ISLAND;;;;;;
FaceUp;0.02539063;0.00390625;-0.9882811;0;;;;;;;;;;;;;GS_ISLAND;;;;;;
FaceUp;0.02539063;0.00390625;-0.986328;0;;;;;;;;;;;;;GS_ISLAND;;;;;;
FaceUp;0.02539063;0.005859375;-0.9882811;0;;;;;;;;;;;;;GS_ISLAND;;;;;;
FaceUp;0.02539063;0.00390625;-0.9882811;0;;;;;;;;;;;;;GS_ISLAND;;;;;;
FaceUp;0.02148437;0.00390625;-0.986328;0;;;;;;;;;;;;;GS_ISLAND;;;;;;
FaceUp;0.02539063;0.00390625;-0.9882811;0;;;;;;;;;;;;;GS_ISLAND;;;;;;
FaceUp;0.02539063;0.001953125;-0.986328;0;;;;;;;;;;;;;GS_ISLAND;;;;;;
FaceUp;0.0234375;0.005859375;-0.986328;0;;;;;;;;;;;;;GS_ISLAND;;;;;;
FaceUp;0.02539063;0.00390625;-0.986328;0;;;;;;;;;;;;;GS_ISLAND;;;;;;
FaceUp;0.0234375;0.00390625;-0.986328;0;;;;;;;;;;;;;GS_ISLAND;;;;;;
FaceUp;0.02539063;0.00390625;-0.986328;0;;;;;;;;;;;;;GS_ISLAND;;;;;;
FaceUp;0.0234375;0.00390625;-0.986328;0;;;;;;;;;;;;;GS_ISLAND;;;;;;
FaceUp;0.0234375;0.00390625;-0.986328;0;;;;;;;;;;;;;GS_ISLAND;;;;;;
FaceUp;0.0234375;0.005859375;-0.986328;0;;;;;;;;;;;;;GS_ISLAND;;;;;;
FaceUp;0.02148437;0.001953125;-0.9882811;0;;;;;;;;;;;;;GS_ISLAND;;;;;;
FaceUp;0.0234375;0.001953125;-0.986328;0;;;;;;;;;;;;;GS_ISLAND;;;;;;
FaceUp;0.02539063;0.00390625;-0.986328;0;;;;;;;;;;;;;GS_ISLAND;;;;;;
FaceUp;0.0234375;0.001953125;-0.9882811;0;;;;;;;;;;;;;GS_ISLAND;;;;;;
FaceUp;0.02148437;0.00390625;-0.9882811;0;;;;;;;;;;;;;GS_ISLAND;;;;;;
FaceUp;0.0234375;0.00390625;-0.9882811;0;;;;;;;;;;;;;GS_ISLAND;;;;;;
FaceUp;0.0234375;0.00390625;-0.9882811;0;;;;;;;;;;;;;GS_ISLAND;;;;;;
FaceUp;0.0234375;0.00390625;-0.9882811;0;;;;;;;;;;;;;GS_ISLAND;;;;;;
FaceUp;0.0234375;0.00390625;-0.9882811;0;;;;;;;;;;;;;GS_ISLAND;;;;;;
FaceUp;0.0234375;0.00390625;-0.9882811;0;;;;;;;;;;;;;GS_ISLAND;;;;;;
FaceUp;0.0234375;0.001953125;-0.9882811;0;;;;;;;;;;;;;GS_ISLAND;;;;;;
FaceUp;0.0234375;0.001953125;-0.9882811;0;;;;;;;;;;;;;GS_ISLAND;;;;;;
FaceUp;0.0234375;0.001953125;-0.9882811;0;;;;;;;;;;;;;GS_ISLAND;;;;;;
FaceUp;0.02539063;0.001953125;-0.986328;0;;;;;;;;;;;;;GS_ISLAND;;;;;;
FaceUp;0.02539063;0.001953125;-0.986328;0;;;;;;;;;;;;;GS_ISLAND;;;;;;
FaceUp;0.02539063;0.001953125;-0.9882811;0;;;;;;;;;;;;;GS_ISLAND;;;;;;
FaceUp;0.0234375;0.001953125;-0.9882811;0;;;;;;;;;;;;;GS_ISLAND;;;;;;
FaceUp;0.0234375;0.00390625;-0.986328;0;;;;;;;;;;;;;GS_ISLAND;;;;;;
FaceUp;0.0234375;0.001953125;-0.9882811;0;;;;;;;;;;;;;GS_ISLAND;;;;;;
FaceUp;0.0234375;0.001953125;-0.9882811;0;;;;;;;;;;;;;GS_ISLAND;;;;;;
FaceUp;0.0234375;0.001953125;-0.986328;0;;;;;;;;;;;;;GS_ISLAND;;;;;;
FaceUp;0.02539063;0.001953125;-0.9882811;0;;;;;;;;;;;;;GS_ISLAND;;;;;;
FaceUp;0.02539063;0.00390625;-0.986328;0;;;;;;;;;;;;;GS_ISLAND;;;;;;
FaceUp;0.0234375;0;-0.986328;0;;;;;;;;;;;;;GS_ISLAND;;;;;;
FaceUp;0.0234375;0.001953125;-0.9882811;0;;;;;;;;;;;;;GS_ISLAND;;;;;;
FaceUp;0.0234375;0.00390625;-0.9882811;0;;;;;;;;;;;;;GS_ISLAND;;;;;;
FaceUp;0.02539063;0.001953125;-0.9882811;0;;;;;;;;;;;;;GS_ISLAND;;;;;;
FaceUp;0.02539063;0.001953125;-0.9882811;0;;;;;;;;;;;;;GS_ISLAND;;;;;;
FaceUp;0.0234375;0.001953125;-0.986328;0;;;;;;;;;;;;;GS_ISLAND;;;;;;
FaceUp;0.0234375;0.001953125;-0.9882811;0;;;;;;;;;;;;;GS_ISLAND;;;;;;
FaceUp;0.0234375;0.001953125;-0.9882811;0;;;;;;;;;;;;;GS_ISLAND;;;;;;
FaceUp;0.02539063;0.001953125;-0.9882811;0;;;;;;;;;;;;;GS_ISLAND;;;;;;
FaceUp;0.0234375;0;-0.9882811;0;;;;;;;;;;;;;GS_ISLAND;;;;;;
FaceUp;0.0234375;0.001953125;-0.9882811;0;;;;;;;;;;;;;GS_ISLAND;;;;;;
FaceUp;0.0234375;0.001953125;-0.9882811;0;;;;;;;;;;;;;GS_ISLAND;;;;;;
FaceUp;0.02539063;0.001953125;-0.9882811;0;;;;;;;;;;;;;GS_ISLAND;;;;;;
FaceUp;0.0234375;0.00390625;-0.9882811;0;;;;;;;;;;;;;GS_ISLAND;;;;;;
FaceUp;0.0234375;0.001953125;-0.9882811;0;;;;;;;;;;;;;GS_ISLAND;;;;;;
FaceUp;0.02539063;0.00390625;-0.9882811;0;;;;;;;;;;;;;GS_ISLAND;;;;;;
FaceUp;0.0234375;0.00390625;-0.9882811;0;;;;;;;;;;;;;GS_ISLAND;;;;;;
FaceUp;0.02539063;0.001953125;-0.9902343;0;;;;;;;;;;;;;GS_ISLAND;;;;;;
FaceUp;0.02539063;0.005859375;-0.9882811;0;;;;;;;;;;;;;GS_ISLAND;;;;;;
FaceUp;0.02539063;0.001953125;-0.9882811;0;;;;;;;;;;;;;GS_ISLAND;;;;;;
FaceUp;0.0234375;0.001953125;-0.986328;0;;;;;;;;;;;;;GS_ISLAND;;;;;;
FaceUp;0.0234375;0.00390625;-0.9882811;0;;;;;;;;;;;;;GS_ISLAND;;;;;;
FaceUp;0.0234375;0;-0.9882811;0;;;;;;;;;;;;;GS_ISLAND;;;;;;
FaceUp;0.0234375;0.001953125;-0.9882811;0;;;;;;;;;;;;;GS_ISLAND;;;;;;
FaceUp;0.0234375;0.001953125;-0.9882811;0;;;;;;;;;;;;;GS_ISLAND;;;;;;
FaceUp;0.02539063;0.001953125;-0.9882811;0;;;;;;;;;;;;;GS_ISLAND;;;;;;
FaceUp;0.0234375;0.001953125;-0.9882811;0;;;;;;;;;;;;;GS_ISLAND;;;;;;
FaceUp;0.0234375;0.001953125;-0.9902343;0;;;;;;;;;;;;;GS_QUIZ;;;;;;
4-12-2016;20:25:20.2507117;orientation;acceleration_x;acceleration_y;acceleration_z;touch_count;first_touch_finger_id;first_touch_delta_time;first_touch_tap_count;first_touch_phase;first_touch_position_x;first_touch_position_y;second_touch_finger_id;second_touch_delta_time;second_touch_tap_count;second_touch_phase;second_touch_position_x;second_touch_position_y;current_game_state;game_event;score;;
4-12-2016;20:25:20.2537118;Unknown;0;0;0;0;;;;;;;;;;;;;GS_START_MENU;;0.00;;
4-12-2016;20:33:27.1095584;orientation;acceleration_x;acceleration_y;acceleration_z;touch_count;first_touch_finger_id;first_touch_delta_time;first_touch_tap_count;first_touch_phase;first_touch_position_x;first_touch_position_y;second_touch_finger_id;second_touch_delta_time;second_touch_tap_count;second_touch_phase;second_touch_position_x;second_touch_position_y;current_game_state;game_event;score;;
4-12-2016;20:33:27.1125586;Unknown;0;0;0;0;;;;;;;;;;;;;GS_START_MENU;;0.00;;
4-12-2016;20:33:39.3022558;Unknown;0;0;0;0;;;;;;;;;;;;;GS_SEED;;0.00;;
4-12-2016;20:33:39.4162623;Unknown;0;0;0;0;;;;;;;;;;;;;GS_SEED;;0.00;;
4-12-2016;20:33:39.5322689;Unknown;0;0;0;0;;;;;;;;;;;;;GS_SEED;;0.00;;
4-12-2016;20:33:39.6342748;Unknown;0;0;0;0;;;;;;;;;;;;;GS_SEED;;0.00;;
4-12-2016;20:33:39.7502814;Unknown;0;0;0;0;;;;;;;;;;;;;GS_SEED;;0.00;;
4-12-2016;20:33:39.8502871;Unknown;0;0;0;0;;;;;;;;;;;;;GS_SEED;;0.00;;
4-12-2016;20:33:39.9662938;Unknown;0;0;0;0;;;;;;;;;;;;;GS_SEED;;0.00;;
4-12-2016;20:33:40.0823004;Unknown;0;0;0;0;;;;;;;;;;;;;GS_SEED;;0.00;;
4-12-2016;20:33:40.1983070;Unknown;0;0;0;0;;;;;;;;;;;;;GS_SEED;;0.00;;
4-12-2016;20:33:40.3153137;Unknown;0;0;0;0;;;;;;;;;;;;;GS_SEED;;0.00;;
4-12-2016;20:33:40.4313204;Unknown;0;0;0;0;;;;;;;;;;;;;GS_SEED;;0.00;;
4-12-2016;20:33:40.5463269;Unknown;0;0;0;0;;;;;;;;;;;;;GS_SEED;;0.00;;
4-12-2016;20:33:40.6623336;Unknown;0;0;0;0;;;;;;;;;;;;;GS_SEED;;0.00;;
4-12-2016;20:33:40.7783402;Unknown;0;0;0;0;;;;;;;;;;;;;GS_SEED;;0.00;;
4-12-2016;20:33:40.8953469;Unknown;0;0;0;0;;;;;;;;;;;;;GS_SEED;;0.00;;
4-12-2016;20:33:41.0103535;Unknown;0;0;0;0;;;;;;;;;;;;;GS_SEED;;0.00;;
4-12-2016;20:33:41.1273602;Unknown;0;0;0;0;;;;;;;;;;;;;GS_SEED;;0.00;;
4-12-2016;20:33:41.2423668;Unknown;0;0;0;0;;;;;;;;;;;;;GS_SEED;;0.00;;
4-12-2016;20:33:41.3433725;Unknown;0;0;0;0;;;;;;;;;;;;;GS_SEED;;0.00;;
4-12-2016;20:33:41.4593792;Unknown;0;0;0;0;;;;;;;;;;;;;GS_SEED;;0.00;;
4-12-2016;20:33:41.5753858;Unknown;0;0;0;0;;;;;;;;;;;;;GS_SEED;;0.00;;
4-12-2016;20:33:41.6913924;Unknown;0;0;0;0;;;;;;;;;;;;;GS_SEED;;0.00;;
4-12-2016;20:33:41.8013987;Unknown;0;0;0;0;;;;;;;;;;;;;GS_SEED;;0.00;;
4-12-2016;20:33:41.9174054;Unknown;0;0;0;0;;;;;;;;;;;;;GS_SEED;;0.00;;
4-12-2016;20:33:42.0344121;Unknown;0;0;0;0;;;;;;;;;;;;;GS_SEED;;0.00;;
4-12-2016;20:33:42.1344178;Unknown;0;0;0;0;;;;;;;;;;;;;GS_SEED;;0.00;;
4-12-2016;20:33:42.2504244;Unknown;0;0;0;0;;;;;;;;;;;;;GS_SEED;;0.00;;
4-12-2016;20:33:42.3664310;Unknown;0;0;0;0;;;;;;;;;;;;;GS_SEED;;0.00;;
4-12-2016;20:33:42.4824377;Unknown;0;0;0;0;;;;;;;;;;;;;GS_SEED;;0.00;;
4-12-2016;20:33:42.5984443;Unknown;0;0;0;0;;;;;;;;;;;;;GS_SEED;;0.00;;
4-12-2016;20:33:42.7144509;Unknown;0;0;0;0;;;;;;;;;;;;;GS_SEED;;0.00;;
4-12-2016;20:33:42.8304576;Unknown;0;0;0;0;;;;;;;;;;;;;GS_SEED;;0.00;;
4-12-2016;20:33:42.9364636;Unknown;0;0;0;0;;;;;;;;;;;;;GS_SEED;;0.00;;
4-12-2016;20:33:43.0514702;Unknown;0;0;0;0;;;;;;;;;;;;;GS_SEED;;0.00;;
4-12-2016;20:33:43.1674769;Unknown;0;0;0;0;;;;;;;;;;;;;GS_SEED;;0.00;;
4-12-2016;20:33:43.2844836;Unknown;0;0;0;0;;;;;;;;;;;;;GS_SEED;;0.00;;
4-12-2016;20:33:43.3934898;Unknown;0;0;0;0;;;;;;;;;;;;;GS_SEED;;0.00;;
4-12-2016;20:33:43.5094964;Unknown;0;0;0;0;;;;;;;;;;;;;GS_SEED;;0.00;;
4-12-2016;20:33:43.6255031;Unknown;0;0;0;0;;;;;;;;;;;;;GS_SEED;;0.00;;
4-12-2016;20:33:43.7415097;Unknown;0;0;0;0;;;;;;;;;;;;;GS_SEED;;0.00;;
4-12-2016;20:33:43.8465157;Unknown;0;0;0;0;;;;;;;;;;;;;GS_SEED;;0.00;;
4-12-2016;20:33:43.9615223;Unknown;0;0;0;0;;;;;;;;;;;;;GS_SEED;;0.00;;
4-12-2016;20:33:44.0775289;Unknown;0;0;0;0;;;;;;;;;;;;;GS_SEED;;0.00;;
4-12-2016;20:33:44.1935355;Unknown;0;0;0;0;;;;;;;;;;;;;GS_SEED;;0.00;;
4-12-2016;20:33:44.3095422;Unknown;0;0;0;0;;;;;;;;;;;;;GS_SEED;;0.00;;
4-12-2016;20:33:44.4255488;Unknown;0;0;0;0;;;;;;;;;;;;;GS_SEED;;0.00;;
4-12-2016;20:33:44.5415555;Unknown;0;0;0;0;;;;;;;;;;;;;GS_SEED;;0.00;;
4-12-2016;20:33:44.6455614;Unknown;0;0;0;0;;;;;;;;;;;;;GS_SEED;;0.00;;
4-12-2016;20:33:44.7615680;Unknown;0;0;0;0;;;;;;;;;;;;;GS_SEED;;0.00;;
4-12-2016;20:33:44.8775747;Unknown;0;0;0;0;;;;;;;;;;;;;GS_SEED;;0.00;;
4-12-2016;20:33:44.9815806;Unknown;0;0;0;0;;;;;;;;;;;;;GS_SEED;;0.00;;
4-12-2016;20:33:45.0975873;Unknown;0;0;0;0;;;;;;;;;;;;;GS_SEED;;0.00;;
4-12-2016;20:33:45.2135939;Unknown;0;0;0;0;;;;;;;;;;;;;GS_SEED;;0.00;;
4-12-2016;20:33:45.3246002;Unknown;0;0;0;0;;;;;;;;;;;;;GS_SEED;;0.00;;
4-12-2016;20:33:45.4406069;Unknown;0;0;0;0;;;;;;;;;;;;;GS_SEED;;0.00;;
4-12-2016;20:33:45.5566135;Unknown;0;0;0;0;;;;;;;;;;;;;GS_SEED;;0.00;;
4-12-2016;20:33:45.6726201;Unknown;0;0;0;0;;;;;;;;;;;;;GS_SEED;;0.00;;
4-12-2016;20:33:45.7886268;Unknown;0;0;0;0;;;;;;;;;;;;;GS_SEED;;0.00;;
4-12-2016;20:33:45.9046334;Unknown;0;0;0;0;;;;;;;;;;;;;GS_SEED;;0.00;;
4-12-2016;20:33:46.0206401;Unknown;0;0;0;0;;;;;;;;;;;;;GS_SEED;;0.00;;
4-12-2016;20:33:46.1376467;Unknown;0;0;0;0;;;;;;;;;;;;;GS_SEED;;0.00;;
4-12-2016;20:33:46.2456529;Unknown;0;0;0;0;;;;;;;;;;;;;GS_SEED;;0.00;;
4-12-2016;20:33:46.3736602;Unknown;0;0;0;0;;;;;;;;;;;;;GS_SEED;;0.00;;
4-12-2016;20:33:46.4906669;Unknown;0;0;0;0;;;;;;;;;;;;;GS_SEED;;0.00;;
4-12-2016;20:33:46.6056735;Unknown;0;0;0;0;;;;;;;;;;;;;GS_SEED;;0.00;;
4-12-2016;20:33:46.7216801;Unknown;0;0;0;0;;;;;;;;;;;;;GS_SEED;;0.00;;
4-12-2016;20:33:46.8386868;Unknown;0;0;0;0;;;;;;;;;;;;;GS_SEED;;0.00;;
4-12-2016;20:33:46.9406927;Unknown;0;0;0;0;;;;;;;;;;;;;GS_SEED;;0.00;;
4-12-2016;20:33:47.0566993;Unknown;0;0;0;0;;;;;;;;;;;;;GS_SEED;;0.00;;
4-12-2016;20:33:47.1727059;Unknown;0;0;0;0;;;;;;;;;;;;;GS_SEED;;0.00;;
4-12-2016;20:33:47.2887126;Unknown;0;0;0;0;;;;;;;;;;;;;GS_SEED;;0.00;;
4-12-2016;20:33:47.4047192;Unknown;0;0;0;0;;;;;;;;;;;;;GS_SEED;;0.00;;
4-12-2016;20:33:47.5057250;Unknown;0;0;0;0;;;;;;;;;;;;;GS_SEED;;0.00;;
4-12-2016;20:33:47.6217316;Unknown;0;0;0;0;;;;;;;;;;;;;GS_SEED;;0.00;;
4-12-2016;20:33:47.7377383;Unknown;0;0;0;0;;;;;;;;;;;;;GS_SEED;;0.00;;
4-12-2016;20:33:47.8527448;Unknown;0;0;0;0;;;;;;;;;;;;;GS_SEED;;0.00;;
4-12-2016;20:33:47.9697515;Unknown;0;0;0;0;;;;;;;;;;;;;GS_SEED;;0.00;;
4-12-2016;20:33:48.0847581;Unknown;0;0;0;0;;;;;;;;;;;;;GS_SEED;;0.00;;
4-12-2016;20:33:48.2007647;Unknown;0;0;0;0;;;;;;;;;;;;;GS_SEED;;0.00;;
4-12-2016;20:33:48.3177714;Unknown;0;0;0;0;;;;;;;;;;;;;GS_SEED;;0.00;;
4-12-2016;20:33:48.4327780;Unknown;0;0;0;0;;;;;;;;;;;;;GS_SEED;;0.00;;
4-12-2016;20:33:48.4687801;Unknown;0;0;0;0;;;;;;;;;;;;;GS_SEED;Good;seed;landing;0.00
4-12-2016;20:33:48.5397841;Unknown;0;0;0;0;;;;;;;;;;;;;GS_ISLAND;;50.00;;
4-12-2016;20:33:48.6537907;Unknown;0;0;0;0;;;;;;;;;;;;;GS_ISLAND;;50.00;;
4-12-2016;20:33:48.7697973;Unknown;0;0;0;0;;;;;;;;;;;;;GS_ISLAND;;50.00;;
4-12-2016;20:33:48.8868040;Unknown;0;0;0;0;;;;;;;;;;;;;GS_ISLAND;;50.00;;
4-12-2016;20:33:49.0028106;Unknown;0;0;0;0;;;;;;;;;;;;;GS_ISLAND;;50.00;;
4-12-2016;20:33:49.1178172;Unknown;0;0;0;0;;;;;;;;;;;;;GS_ISLAND;;50.00;;
4-12-2016;20:33:49.2338238;Unknown;0;0;0;0;;;;;;;;;;;;;GS_ISLAND;;50.00;;
4-12-2016;20:33:49.3508305;Unknown;0;0;0;0;;;;;;;;;;;;;GS_ISLAND;;50.00;;
4-12-2016;20:33:49.4668372;Unknown;0;0;0;0;;;;;;;;;;;;;GS_ISLAND;;50.00;;
4-12-2016;20:33:49.5708431;Unknown;0;0;0;0;;;;;;;;;;;;;GS_ISLAND;;50.61;;
4-12-2016;20:33:49.6868497;Unknown;0;0;0;0;;;;;;;;;;;;;GS_ISLAND;;50.61;;
4-12-2016;20:33:49.8038564;Unknown;0;0;0;0;;;;;;;;;;;;;GS_ISLAND;;50.61;;
4-12-2016;20:33:49.9188630;Unknown;0;0;0;0;;;;;;;;;;;;;GS_ISLAND;;50.61;;
4-12-2016;20:33:50.0358697;Unknown;0;0;0;0;;;;;;;;;;;;;GS_ISLAND;;50.61;;
4-12-2016;20:33:50.1358754;Unknown;0;0;0;0;;;;;;;;;;;;;GS_ISLAND;;50.61;;
4-12-2016;20:33:50.2518821;Unknown;0;0;0;0;;;;;;;;;;;;;GS_ISLAND;;50.61;;
4-12-2016;20:33:50.3678887;Unknown;0;0;0;0;;;;;;;;;;;;;GS_ISLAND;;50.61;;
4-12-2016;20:33:50.4838953;Unknown;0;0;0;0;;;;;;;;;;;;;GS_ISLAND;;50.61;;
4-12-2016;20:33:50.5999020;Unknown;0;0;0;0;;;;;;;;;;;;;GS_ISLAND;;51.19;;
4-12-2016;20:33:50.7159086;Unknown;0;0;0;0;;;;;;;;;;;;;GS_ISLAND;;51.19;;
4-12-2016;20:33:50.8319152;Unknown;0;0;0;0;;;;;;;;;;;;;GS_ISLAND;;51.19;;
4-12-2016;20:33:50.9459218;Unknown;0;0;0;0;;;;;;;;;;;;;GS_ISLAND;;51.19;;
4-12-2016;20:33:51.0619284;Unknown;0;0;0;0;;;;;;;;;;;;;GS_ISLAND;;51.19;;
4-12-2016;20:33:51.1779350;Unknown;0;0;0;0;;;;;;;;;;;;;GS_ISLAND;;51.19;;
4-12-2016;20:33:51.2929416;Unknown;0;0;0;0;;;;;;;;;;;;;GS_ISLAND;;51.19;;
4-12-2016;20:33:51.4099483;Unknown;0;0;0;0;;;;;;;;;;;;;GS_ISLAND;;51.19;;
4-12-2016;20:33:51.5259549;Unknown;0;0;0;0;;;;;;;;;;;;;GS_ISLAND;;51.75;;
4-12-2016;20:33:51.6409615;Unknown;0;0;0;0;;;;;;;;;;;;;GS_ISLAND;;51.75;;
4-12-2016;20:33:51.7569682;Unknown;0;0;0;0;;;;;;;;;;;;;GS_ISLAND;;51.75;;
4-12-2016;20:33:51.8739748;Unknown;0;0;0;0;;;;;;;;;;;;;GS_ISLAND;;51.75;;
4-12-2016;20:33:51.9909815;Unknown;0;0;0;0;;;;;;;;;;;;;GS_ISLAND;;51.75;;
4-12-2016;20:33:52.1079882;Unknown;0;0;0;0;;;;;;;;;;;;;GS_ISLAND;;51.75;;
4-12-2016;20:33:52.2209947;Unknown;0;0;0;0;;;;;;;;;;;;;GS_ISLAND;;51.75;;
4-12-2016;20:33:52.3370013;Unknown;0;0;0;0;;;;;;;;;;;;;GS_ISLAND;;51.75;;
4-12-2016;20:33:52.4530080;Unknown;0;0;0;0;;;;;;;;;;;;;GS_ISLAND;;51.75;;
4-12-2016;20:33:52.5620142;Unknown;0;0;0;0;;;;;;;;;;;;;GS_ISLAND;;52.29;;
4-12-2016;20:33:52.6770208;Unknown;0;0;0;0;;;;;;;;;;;;;GS_ISLAND;;52.29;;
4-12-2016;20:33:52.7930274;Unknown;0;0;0;0;;;;;;;;;;;;;GS_ISLAND;;52.29;;
4-12-2016;20:33:52.9090340;Unknown;0;0;0;0;;;;;;;;;;;;;GS_ISLAND;;52.29;;
4-12-2016;20:33:53.0260407;Unknown;0;0;0;0;;;;;;;;;;;;;GS_ISLAND;;52.29;;
4-12-2016;20:33:53.1400473;Unknown;0;0;0;0;;;;;;;;;;;;;GS_ISLAND;;52.29;;
4-12-2016;20:33:53.2550538;Unknown;0;0;0;0;;;;;;;;;;;;;GS_ISLAND;;52.29;;
4-12-2016;20:33:53.3710605;Unknown;0;0;0;0;;;;;;;;;;;;;GS_ISLAND;;52.29;;
4-12-2016;20:33:53.4870671;Unknown;0;0;0;0;;;;;;;;;;;;;GS_ISLAND;;52.29;;
4-12-2016;20:33:53.6020737;Unknown;0;0;0;0;;;;;;;;;;;;;GS_ISLAND;;52.81;;
4-12-2016;20:33:53.7180803;Unknown;0;0;0;0;;;;;;;;;;;;;GS_ISLAND;;52.81;;
4-12-2016;20:33:53.8350870;Unknown;0;0;0;0;;;;;;;;;;;;;GS_ISLAND;;52.81;;
4-12-2016;20:33:53.9510936;Unknown;0;0;0;0;;;;;;;;;;;;;GS_ISLAND;;52.81;;
4-12-2016;20:33:54.0661002;Unknown;0;0;0;0;;;;;;;;;;;;;GS_ISLAND;;52.81;;
4-12-2016;20:33:54.1681061;Unknown;0;0;0;0;;;;;;;;;;;;;GS_ISLAND;;52.81;;
4-12-2016;20:33:54.2861128;Unknown;0;0;0;0;;;;;;;;;;;;;GS_ISLAND;;52.81;;
4-12-2016;20:33:54.4011194;Unknown;0;0;0;0;;;;;;;;;;;;;GS_ISLAND;;52.81;;
4-12-2016;20:33:54.5171260;Unknown;0;0;0;0;;;;;;;;;;;;;GS_ISLAND;;52.81;;
4-12-2016;20:33:54.6331327;Unknown;0;0;0;0;;;;;;;;;;;;;GS_ISLAND;;53.31;;
4-12-2016;20:33:54.7591399;Unknown;0;0;0;0;;;;;;;;;;;;;GS_ISLAND;;53.31;;
4-12-2016;20:33:54.8741464;Unknown;0;0;0;0;;;;;;;;;;;;;GS_ISLAND;;53.31;;
4-12-2016;20:33:54.9901531;Unknown;0;0;0;0;;;;;;;;;;;;;GS_ISLAND;;53.31;;
4-12-2016;20:33:55.1051597;Unknown;0;0;0;0;;;;;;;;;;;;;GS_ISLAND;;53.31;;
4-12-2016;20:33:55.2211663;Unknown;0;0;0;0;;;;;;;;;;;;;GS_ISLAND;;53.31;;
4-12-2016;20:33:55.3381730;Unknown;0;0;0;0;;;;;;;;;;;;;GS_ISLAND;;53.31;;
4-12-2016;20:33:55.4531796;Unknown;0;0;0;0;;;;;;;;;;;;;GS_ISLAND;;53.31;;
4-12-2016;20:33:55.5691862;Unknown;0;0;0;0;;;;;;;;;;;;;GS_ISLAND;;53.79;;
4-12-2016;20:33:55.6851928;Unknown;0;0;0;0;;;;;;;;;;;;;GS_ISLAND;;53.79;;
4-12-2016;20:33:55.8011995;Unknown;0;0;0;0;;;;;;;;;;;;;GS_ISLAND;;53.79;;
4-12-2016;20:33:55.9172061;Unknown;0;0;0;0;;;;;;;;;;;;;GS_ISLAND;;53.79;;
4-12-2016;20:33:56.0332127;Unknown;0;0;0;0;;;;;;;;;;;;;GS_ISLAND;;53.79;;
4-12-2016;20:33:56.1502194;Unknown;0;0;0;0;;;;;;;;;;;;;GS_ISLAND;;53.79;;
4-12-2016;20:33:56.2662261;Unknown;0;0;0;0;;;;;;;;;;;;;GS_ISLAND;;53.79;;
4-12-2016;20:33:56.3812326;Unknown;0;0;0;0;;;;;;;;;;;;;GS_ISLAND;;53.79;;
4-12-2016;20:33:56.4972393;Unknown;0;0;0;0;;;;;;;;;;;;;GS_ISLAND;;53.79;;
4-12-2016;20:33:56.6132459;Unknown;0;0;0;0;;;;;;;;;;;;;GS_ISLAND;;54.26;;
4-12-2016;20:33:56.7292525;Unknown;0;0;0;0;;;;;;;;;;;;;GS_ISLAND;;54.26;;
4-12-2016;20:33:56.8452592;Unknown;0;0;0;0;;;;;;;;;;;;;GS_ISLAND;;54.26;;
4-12-2016;20:33:56.9612658;Unknown;0;0;0;0;;;;;;;;;;;;;GS_ISLAND;;54.26;;
4-12-2016;20:33:57.0772725;Unknown;0;0;0;0;;;;;;;;;;;;;GS_ISLAND;;54.26;;
4-12-2016;20:33:57.1932791;Unknown;0;0;0;0;;;;;;;;;;;;;GS_ISLAND;;54.26;;
4-12-2016;20:33:57.3112858;Unknown;0;0;0;0;;;;;;;;;;;;;GS_ISLAND;;54.26;;
4-12-2016;20:33:57.4262924;Unknown;0;0;0;0;;;;;;;;;;;;;GS_ISLAND;;54.26;;
4-12-2016;20:33:57.5422991;Unknown;0;0;0;0;;;;;;;;;;;;;GS_ISLAND;;54.26;;
4-12-2016;20:33:57.6583057;Unknown;0;0;0;0;;;;;;;;;;;;;GS_ISLAND;;54.70;;
4-12-2016;20:33:57.7743123;Unknown;0;0;0;0;;;;;;;;;;;;;GS_ISLAND;;54.70;;
4-12-2016;20:33:57.8903190;Unknown;0;0;0;0;;;;;;;;;;;;;GS_ISLAND;;54.70;;
4-12-2016;20:33:58.0063256;Unknown;0;0;0;0;;;;;;;;;;;;;GS_ISLAND;;54.70;;
4-12-2016;20:33:58.1223322;Unknown;0;0;0;0;;;;;;;;;;;;;GS_ISLAND;;54.70;;
4-12-2016;20:33:58.2393389;Unknown;0;0;0;0;;;;;;;;;;;;;GS_ISLAND;;54.70;;
4-12-2016;20:33:58.3553456;Unknown;0;0;0;0;;;;;;;;;;;;;GS_ISLAND;;54.70;;
4-12-2016;20:33:58.4713522;Unknown;0;0;0;0;;;;;;;;;;;;;GS_ISLAND;;54.70;;
4-12-2016;20:33:58.5883589;Unknown;0;0;0;0;;;;;;;;;;;;;GS_ISLAND;;55.13;;
4-12-2016;20:33:58.7033655;Unknown;0;0;0;0;;;;;;;;;;;;;GS_ISLAND;;55.13;;
4-12-2016;20:33:58.8193721;Unknown;0;0;0;0;;;;;;;;;;;;;GS_ISLAND;;55.13;;
4-12-2016;20:33:58.9353787;Unknown;0;0;0;0;;;;;;;;;;;;;GS_ISLAND;;55.13;;
4-12-2016;20:33:59.0513854;Unknown;0;0;0;0;;;;;;;;;;;;;GS_ISLAND;;55.13;;
4-12-2016;20:33:59.1673920;Unknown;0;0;0;0;;;;;;;;;;;;;GS_ISLAND;;55.13;;
4-12-2016;20:33:59.2833986;Unknown;0;0;0;0;;;;;;;;;;;;;GS_ISLAND;;55.13;;
4-12-2016;20:33:59.3994053;Unknown;0;0;0;0;;;;;;;;;;;;;GS_ISLAND;;55.13;;
4-12-2016;20:33:59.5154119;Unknown;0;0;0;0;;;;;;;;;;;;;GS_ISLAND;;55.13;;
4-12-2016;20:33:59.6364188;Unknown;0;0;0;0;;;;;;;;;;;;;GS_ISLAND;;55.55;;
4-12-2016;20:33:59.8314300;Unknown;0;0;0;0;;;;;;;;;;;;;GS_ISLAND;;55.55;;
4-12-2016;20:33:59.9464366;Unknown;0;0;0;0;;;;;;;;;;;;;GS_ISLAND;;55.55;;
4-12-2016;20:34:00.0624432;Unknown;0;0;0;0;;;;;;;;;;;;;GS_ISLAND;;55.55;;
4-12-2016;20:34:00.1784498;Unknown;0;0;0;0;;;;;;;;;;;;;GS_ISLAND;;55.55;;
4-12-2016;20:34:00.2944565;Unknown;0;0;0;0;;;;;;;;;;;;;GS_ISLAND;;55.55;;
4-12-2016;20:34:00.4104631;Unknown;0;0;0;0;;;;;;;;;;;;;GS_ISLAND;;55.55;;
4-12-2016;20:34:00.5264697;Unknown;0;0;0;0;;;;;;;;;;;;;GS_ISLAND;;55.55;;
4-12-2016;20:34:00.6424764;Unknown;0;0;0;0;;;;;;;;;;;;;GS_ISLAND;;55.55;;
4-12-2016;20:34:00.7584830;Unknown;0;0;0;0;;;;;;;;;;;;;GS_ISLAND;;55.94;;
4-12-2016;20:34:00.8744896;Unknown;0;0;0;0;;;;;;;;;;;;;GS_ISLAND;;55.94;;
4-12-2016;20:34:00.9904963;Unknown;0;0;0;0;;;;;;;;;;;;;GS_ISLAND;;55.94;;
4-12-2016;20:34:01.0915021;Unknown;0;0;0;0;;;;;;;;;;;;;GS_ISLAND;;55.94;;
4-12-2016;20:34:01.2075087;Unknown;0;0;0;0;;;;;;;;;;;;;GS_ISLAND;;55.94;;
4-12-2016;20:34:01.3235153;Unknown;0;0;0;0;;;;;;;;;;;;;GS_ISLAND;;55.94;;
4-12-2016;20:34:01.4395220;Unknown;0;0;0;0;;;;;;;;;;;;;GS_ISLAND;;55.94;;
4-12-2016;20:34:01.5555286;Unknown;0;0;0;0;;;;;;;;;;;;;GS_ISLAND;;55.94;;
4-12-2016;20:34:01.6715352;Unknown;0;0;0;0;;;;;;;;;;;;;GS_ISLAND;;55.94;;
4-12-2016;20:34:01.7795414;Unknown;0;0;0;0;;;;;;;;;;;;;GS_ISLAND;;56.32;;
4-12-2016;20:34:01.8955480;Unknown;0;0;0;0;;;;;;;;;;;;;GS_ISLAND;;56.32;;
4-12-2016;20:34:02.0115547;Unknown;0;0;0;0;;;;;;;;;;;;;GS_ISLAND;;56.32;;
4-12-2016;20:34:02.1265613;Unknown;0;0;0;0;;;;;;;;;;;;;GS_ISLAND;;56.32;;
4-12-2016;20:34:02.2425679;Unknown;0;0;0;0;;;;;;;;;;;;;GS_ISLAND;;56.32;;
4-12-2016;20:34:02.3585745;Unknown;0;0;0;0;;;;;;;;;;;;;GS_ISLAND;;56.32;;
4-12-2016;20:34:02.4745812;Unknown;0;0;0;0;;;;;;;;;;;;;GS_ISLAND;;56.32;;
4-12-2016;20:34:02.5905878;Unknown;0;0;0;0;;;;;;;;;;;;;GS_ISLAND;;56.32;;
4-12-2016;20:34:02.7075945;Unknown;0;0;0;0;;;;;;;;;;;;;GS_ISLAND;;56.69;;
4-12-2016;20:34:02.8096003;Unknown;0;0;0;0;;;;;;;;;;;;;GS_ISLAND;;56.69;;
4-12-2016;20:34:02.9256070;Unknown;0;0;0;0;;;;;;;;;;;;;GS_ISLAND;;56.69;;
4-12-2016;20:34:03.0416136;Unknown;0;0;0;0;;;;;;;;;;;;;GS_ISLAND;;56.69;;
4-12-2016;20:34:03.1576202;Unknown;0;0;0;0;;;;;;;;;;;;;GS_ISLAND;;56.69;;
4-12-2016;20:34:03.2736269;Unknown;0;0;0;0;;;;;;;;;;;;;GS_ISLAND;;56.69;;
4-12-2016;20:34:03.3896335;Unknown;0;0;0;0;;;;;;;;;;;;;GS_ISLAND;;56.69;;
4-12-2016;20:34:03.5046401;Unknown;0;0;0;0;;;;;;;;;;;;;GS_ISLAND;;56.69;;
4-12-2016;20:34:03.6216468;Unknown;0;0;0;0;;;;;;;;;;;;;GS_ISLAND;;56.69;;
4-12-2016;20:34:03.7366533;Unknown;0;0;0;0;;;;;;;;;;;;;GS_ISLAND;;57.04;;
4-12-2016;20:34:03.8536600;Unknown;0;0;0;0;;;;;;;;;;;;;GS_ISLAND;;57.04;;
4-12-2016;20:34:03.9696667;Unknown;0;0;0;0;;;;;;;;;;;;;GS_ISLAND;;57.04;;
4-12-2016;20:34:04.0856733;Unknown;0;0;0;0;;;;;;;;;;;;;GS_ISLAND;;57.04;;
4-12-2016;20:34:04.2016799;Unknown;0;0;0;0;;;;;;;;;;;;;GS_ISLAND;;57.04;;
4-12-2016;20:34:04.3176866;Unknown;0;0;0;0;;;;;;;;;;;;;GS_ISLAND;;57.04;;
4-12-2016;20:34:04.4336932;Unknown;0;0;0;0;;;;;;;;;;;;;GS_ISLAND;;57.04;;
4-12-2016;20:34:04.5496999;Unknown;0;0;0;0;;;;;;;;;;;;;GS_ISLAND;;57.04;;
4-12-2016;20:34:04.6667065;Unknown;0;0;0;0;;;;;;;;;;;;;GS_ISLAND;;57.04;;
4-12-2016;20:34:04.7827132;Unknown;0;0;0;0;;;;;;;;;;;;;GS_ISLAND;;57.38;;
4-12-2016;20:34:04.8987198;Unknown;0;0;0;0;;;;;;;;;;;;;GS_ISLAND;;57.38;;
4-12-2016;20:34:05.0147265;Unknown;0;0;0;0;;;;;;;;;;;;;GS_ISLAND;;57.38;;
4-12-2016;20:34:05.1307331;Unknown;0;0;0;0;;;;;;;;;;;;;GS_ISLAND;;57.38;;
4-12-2016;20:34:05.2467397;Unknown;0;0;0;0;;;;;;;;;;;;;GS_ISLAND;;57.38;;
4-12-2016;20:34:05.3467454;Unknown;0;0;0;0;;;;;;;;;;;;;GS_ISLAND;;57.38;;
4-12-2016;20:34:05.4627521;Unknown;0;0;0;0;;;;;;;;;;;;;GS_ISLAND;;57.38;;
4-12-2016;20:34:05.5787587;Unknown;0;0;0;0;;;;;;;;;;;;;GS_ISLAND;;57.38;;
4-12-2016;20:34:05.6947653;Unknown;0;0;0;0;;;;;;;;;;;;;GS_ISLAND;;57.38;;
4-12-2016;20:34:05.8107720;Unknown;0;0;0;0;;;;;;;;;;;;;GS_ISLAND;;57.71;;
4-12-2016;20:34:05.9267786;Unknown;0;0;0;0;;;;;;;;;;;;;GS_ISLAND;;57.71;;
4-12-2016;20:34:06.0427853;Unknown;0;0;0;0;;;;;;;;;;;;;GS_ISLAND;;57.71;;
4-12-2016;20:34:06.1587919;Unknown;0;0;0;0;;;;;;;;;;;;;GS_ISLAND;;57.71;;
4-12-2016;20:34:06.2747985;Unknown;0;0;0;0;;;;;;;;;;;;;GS_ISLAND;;57.71;;
4-12-2016;20:34:06.3908052;Unknown;0;0;0;0;;;;;;;;;;;;;GS_ISLAND;;57.71;;
4-12-2016;20:34:06.5068118;Unknown;0;0;0;0;;;;;;;;;;;;;GS_ISLAND;;57.71;;
4-12-2016;20:34:06.6228184;Unknown;0;0;0;0;;;;;;;;;;;;;GS_ISLAND;;57.71;;
4-12-2016;20:34:06.7388251;Unknown;0;0;0;0;;;;;;;;;;;;;GS_ISLAND;;58.02;;
4-12-2016;20:34:06.8548317;Unknown;0;0;0;0;;;;;;;;;;;;;GS_ISLAND;;58.02;;
4-12-2016;20:34:06.9698383;Unknown;0;0;0;0;;;;;;;;;;;;;GS_ISLAND;;58.02;;
4-12-2016;20:34:07.0858449;Unknown;0;0;0;0;;;;;;;;;;;;;GS_ISLAND;;58.02;;
4-12-2016;20:34:07.2018515;Unknown;0;0;0;0;;;;;;;;;;;;;GS_ISLAND;;58.02;;
4-12-2016;20:34:07.3178582;Unknown;0;0;0;0;;;;;;;;;;;;;GS_ISLAND;;58.02;;
4-12-2016;20:34:07.4338648;Unknown;0;0;0;0;;;;;;;;;;;;;GS_ISLAND;;58.02;;
4-12-2016;20:34:07.5498715;Unknown;0;0;0;0;;;;;;;;;;;;;GS_ISLAND;;58.02;;
4-12-2016;20:34:07.6658781;Unknown;0;0;0;0;;;;;;;;;;;;;GS_ISLAND;;58.02;;
4-12-2016;20:34:07.7818847;Unknown;0;0;0;0;;;;;;;;;;;;;GS_ISLAND;;58.33;;
4-12-2016;20:34:07.8988914;Unknown;0;0;0;0;;;;;;;;;;;;;GS_ISLAND;;58.33;;
4-12-2016;20:34:07.9998972;Unknown;0;0;0;0;;;;;;;;;;;;;GS_ISLAND;;58.33;;
4-12-2016;20:34:08.1159038;Unknown;0;0;0;0;;;;;;;;;;;;;GS_ISLAND;;58.33;;
4-12-2016;20:34:08.2319105;Unknown;0;0;0;0;;;;;;;;;;;;;GS_ISLAND;;58.33;;
4-12-2016;20:34:08.3479171;Unknown;0;0;0;0;;;;;;;;;;;;;GS_ISLAND;;58.33;;
4-12-2016;20:34:08.4639237;Unknown;0;0;0;0;;;;;;;;;;;;;GS_ISLAND;;58.33;;
4-12-2016;20:34:08.5799304;Unknown;0;0;0;0;;;;;;;;;;;;;GS_ISLAND;;58.33;;
4-12-2016;20:34:08.6949369;Unknown;0;0;0;0;;;;;;;;;;;;;GS_ISLAND;;58.33;;
4-12-2016;20:34:08.8109436;Unknown;0;0;0;0;;;;;;;;;;;;;GS_ISLAND;;58.62;;
4-12-2016;20:34:08.9269502;Unknown;0;0;0;0;;;;;;;;;;;;;GS_ISLAND;;58.62;;
4-12-2016;20:34:09.0429569;Unknown;0;0;0;0;;;;;;;;;;;;;GS_ISLAND;;58.62;;
4-12-2016;20:34:09.1589635;Unknown;0;0;0;0;;;;;;;;;;;;;GS_ISLAND;;58.62;;
4-12-2016;20:34:09.2749701;Unknown;0;0;0;0;;;;;;;;;;;;;GS_ISLAND;;58.62;;
4-12-2016;20:34:09.3789761;Unknown;0;0;0;0;;;;;;;;;;;;;GS_ISLAND;;58.62;;
4-12-2016;20:34:09.4949827;Unknown;0;0;0;0;;;;;;;;;;;;;GS_ISLAND;;58.62;;
4-12-2016;20:34:09.6109893;Unknown;0;0;0;0;;;;;;;;;;;;;GS_ISLAND;;58.62;;
4-12-2016;20:34:09.7269960;Unknown;0;0;0;0;;;;;;;;;;;;;GS_ISLAND;;58.62;;
4-12-2016;20:34:09.8430026;Unknown;0;0;0;0;;;;;;;;;;;;;GS_ISLAND;;58.90;;
4-12-2016;20:34:09.9590092;Unknown;0;0;0;0;;;;;;;;;;;;;GS_ISLAND;;58.90;;
4-12-2016;20:34:10.0750159;Unknown;0;0;0;0;;;;;;;;;;;;;GS_ISLAND;;58.90;;
4-12-2016;20:34:10.1910225;Unknown;0;0;0;0;;;;;;;;;;;;;GS_ISLAND;;58.90;;
4-12-2016;20:34:10.3070292;Unknown;0;0;0;0;;;;;;;;;;;;;GS_ISLAND;;58.90;;
4-12-2016;20:34:10.4240358;Unknown;0;0;0;0;;;;;;;;;;;;;GS_ISLAND;;58.90;;
4-12-2016;20:34:10.5390424;Unknown;0;0;0;0;;;;;;;;;;;;;GS_ISLAND;;58.90;;
4-12-2016;20:34:10.6550491;Unknown;0;0;0;0;;;;;;;;;;;;;GS_ISLAND;;58.90;;
4-12-2016;20:34:10.7560548;Unknown;0;0;0;0;;;;;;;;;;;;;GS_ISLAND;;58.90;;
4-12-2016;20:34:10.8730615;Unknown;0;0;0;0;;;;;;;;;;;;;GS_ISLAND;;59.16;;
4-12-2016;20:34:10.9870680;Unknown;0;0;0;0;;;;;;;;;;;;;GS_ISLAND;;59.16;;
4-12-2016;20:34:11.1030747;Unknown;0;0;0;0;;;;;;;;;;;;;GS_ISLAND;;59.16;;
4-12-2016;20:34:11.2190813;Unknown;0;0;0;0;;;;;;;;;;;;;GS_ISLAND;;59.16;;
4-12-2016;20:34:11.3350880;Unknown;0;0;0;0;;;;;;;;;;;;;GS_ISLAND;;59.16;;
4-12-2016;20:34:11.4510946;Unknown;0;0;0;0;;;;;;;;;;;;;GS_ISLAND;;59.16;;
4-12-2016;20:34:11.5671012;Unknown;0;0;0;0;;;;;;;;;;;;;GS_ISLAND;;59.16;;
4-12-2016;20:34:11.6831079;Unknown;0;0;0;0;;;;;;;;;;;;;GS_ISLAND;;59.16;;
4-12-2016;20:34:11.8001146;Unknown;0;0;0;0;;;;;;;;;;;;;GS_ISLAND;;59.42;;
4-12-2016;20:34:11.9151211;Unknown;0;0;0;0;;;;;;;;;;;;;GS_ISLAND;;59.42;;
4-12-2016;20:34:12.0311278;Unknown;0;0;0;0;;;;;;;;;;;;;GS_ISLAND;;59.42;;
4-12-2016;20:34:12.1401340;Unknown;0;0;0;0;;;;;;;;;;;;;GS_ISLAND;;59.42;;
4-12-2016;20:34:12.2561406;Unknown;0;0;0;0;;;;;;;;;;;;;GS_ISLAND;;59.42;;
4-12-2016;20:34:12.3731473;Unknown;0;0;0;0;;;;;;;;;;;;;GS_ISLAND;;59.42;;
4-12-2016;20:34:12.4881539;Unknown;0;0;0;0;;;;;;;;;;;;;GS_ISLAND;;59.42;;
4-12-2016;20:34:12.6041605;Unknown;0;0;0;0;;;;;;;;;;;;;GS_ISLAND;;59.42;;
4-12-2016;20:34:12.7201672;Unknown;0;0;0;0;;;;;;;;;;;;;GS_ISLAND;;59.42;;
4-12-2016;20:34:12.8361738;Unknown;0;0;0;0;;;;;;;;;;;;;GS_ISLAND;;59.67;;
4-12-2016;20:34:12.9521804;Unknown;0;0;0;0;;;;;;;;;;;;;GS_ISLAND;;59.67;;
4-12-2016;20:34:13.0681871;Unknown;0;0;0;0;;;;;;;;;;;;;GS_ISLAND;;59.67;;
4-12-2016;20:34:13.1841937;Unknown;0;0;0;0;;;;;;;;;;;;;GS_ISLAND;;59.67;;
4-12-2016;20:34:13.3002004;Unknown;0;0;0;0;;;;;;;;;;;;;GS_ISLAND;;59.67;;
4-12-2016;20:34:13.4162070;Unknown;0;0;0;0;;;;;;;;;;;;;GS_ISLAND;;59.67;;
4-12-2016;20:34:13.5172128;Unknown;0;0;0;0;;;;;;;;;;;;;GS_ISLAND;;59.67;;
4-12-2016;20:34:13.6382197;Unknown;0;0;0;0;;;;;;;;;;;;;GS_ISLAND;;59.67;;
4-12-2016;20:34:13.7542263;Unknown;0;0;0;0;;;;;;;;;;;;;GS_ISLAND;;59.67;;
4-12-2016;20:34:13.8692329;Unknown;0;0;0;0;;;;;;;;;;;;;GS_ISLAND;;59.91;;
4-12-2016;20:34:13.9852395;Unknown;0;0;0;0;;;;;;;;;;;;;GS_ISLAND;;59.91;;
4-12-2016;20:34:14.1012462;Unknown;0;0;0;0;;;;;;;;;;;;;GS_ISLAND;;59.91;;
4-12-2016;20:34:14.2172528;Unknown;0;0;0;0;;;;;;;;;;;;;GS_ISLAND;;59.91;;
4-12-2016;20:34:14.3332594;Unknown;0;0;0;0;;;;;;;;;;;;;GS_ISLAND;;59.91;;
4-12-2016;20:34:14.4492661;Unknown;0;0;0;0;;;;;;;;;;;;;GS_ISLAND;;59.91;;
4-12-2016;20:34:14.5652727;Unknown;0;0;0;0;;;;;;;;;;;;;GS_ISLAND;;59.91;;
4-12-2016;20:34:14.6812793;Unknown;0;0;0;0;;;;;;;;;;;;;GS_ISLAND;;59.91;;
4-12-2016;20:34:14.7832852;Unknown;0;0;0;0;;;;;;;;;;;;;GS_ISLAND;;59.91;;
4-12-2016;20:34:14.8982918;Unknown;0;0;0;0;;;;;;;;;;;;;GS_ISLAND;;60.13;;
4-12-2016;20:34:15.0142984;Unknown;0;0;0;0;;;;;;;;;;;;;GS_ISLAND;;60.13;;
4-12-2016;20:34:15.1303050;Unknown;0;0;0;0;;;;;;;;;;;;;GS_ISLAND;;60.13;;
4-12-2016;20:34:15.2373111;Unknown;0;0;0;0;;;;;;;;;;;;;GS_ISLAND;;60.13;;
4-12-2016;20:34:15.3533178;Unknown;0;0;0;0;;;;;;;;;;;;;GS_ISLAND;;60.13;;
4-12-2016;20:34:15.4533235;Unknown;0;0;0;0;;;;;;;;;;;;;GS_ISLAND;;60.13;;
4-12-2016;20:34:15.5543293;Unknown;0;0;0;0;;;;;;;;;;;;;GS_ISLAND;;60.13;;
4-12-2016;20:34:15.6683358;Unknown;0;0;0;0;;;;;;;;;;;;;GS_ISLAND;;60.13;;
4-12-2016;20:34:15.7843424;Unknown;0;0;0;0;;;;;;;;;;;;;GS_ISLAND;;60.13;;
4-12-2016;20:34:15.9003491;Unknown;0;0;0;0;;;;;;;;;;;;;GS_ISLAND;;60.35;;
4-12-2016;20:34:16.0183558;Unknown;0;0;0;0;;;;;;;;;;;;;GS_ISLAND;;60.35;;
4-12-2016;20:34:16.1343625;Unknown;0;0;0;0;;;;;;;;;;;;;GS_ISLAND;;60.35;;
4-12-2016;20:34:16.2503691;Unknown;0;0;0;0;;;;;;;;;;;;;GS_ISLAND;;60.35;;
4-12-2016;20:34:16.3613754;Unknown;0;0;0;0;;;;;;;;;;;;;GS_ISLAND;;60.35;;
4-12-2016;20:34:16.4763820;Unknown;0;0;0;0;;;;;;;;;;;;;GS_ISLAND;;60.35;;
4-12-2016;20:34:16.5933887;Unknown;0;0;0;0;;;;;;;;;;;;;GS_ISLAND;;60.35;;
4-12-2016;20:34:16.7093953;Unknown;0;0;0;0;;;;;;;;;;;;;GS_ISLAND;;60.35;;
4-12-2016;20:34:16.8124012;Unknown;0;0;0;0;;;;;;;;;;;;;GS_ISLAND;;60.35;;
4-12-2016;20:34:16.9284079;Unknown;0;0;0;0;;;;;;;;;;;;;GS_ISLAND;;60.56;;
4-12-2016;20:34:17.0444145;Unknown;0;0;0;0;;;;;;;;;;;;;GS_ISLAND;;60.56;;
4-12-2016;20:34:17.1454203;Unknown;0;0;0;0;;;;;;;;;;;;;GS_ISLAND;;60.56;;
4-12-2016;20:34:17.2624270;Unknown;0;0;0;0;;;;;;;;;;;;;GS_ISLAND;;60.56;;
4-12-2016;20:34:17.3614326;Unknown;0;0;0;0;;;;;;;;;;;;;GS_ISLAND;;60.56;;
4-12-2016;20:34:17.4774393;Unknown;0;0;0;0;;;;;;;;;;;;;GS_ISLAND;;60.56;;
4-12-2016;20:34:17.6024464;Unknown;0;0;0;0;;;;;;;;;;;;;GS_ISLAND;;60.56;;
4-12-2016;20:34:17.7174530;Unknown;0;0;0;0;;;;;;;;;;;;;GS_ISLAND;;60.56;;
4-12-2016;20:34:17.8344597;Unknown;0;0;0;0;;;;;;;;;;;;;GS_ISLAND;;60.56;;
4-12-2016;20:34:17.9354655;Unknown;0;0;0;0;;;;;;;;;;;;;GS_ISLAND;;60.76;;
4-12-2016;20:34:18.0504721;Unknown;0;0;0;0;;;;;;;;;;;;;GS_ISLAND;;60.76;;
4-12-2016;20:34:18.1664787;Unknown;0;0;0;0;;;;;;;;;;;;;GS_ISLAND;;60.76;;
4-12-2016;20:34:18.2824853;Unknown;0;0;0;0;;;;;;;;;;;;;GS_ISLAND;;60.76;;
4-12-2016;20:34:18.3984920;Unknown;0;0;0;0;;;;;;;;;;;;;GS_ISLAND;;60.76;;
4-12-2016;20:34:18.5144986;Unknown;0;0;0;0;;;;;;;;;;;;;GS_ISLAND;;60.76;;
4-12-2016;20:34:18.6305052;Unknown;0;0;0;0;;;;;;;;;;;;;GS_ISLAND;;60.76;;
4-12-2016;20:34:18.7325111;Unknown;0;0;0;0;;;;;;;;;;;;;GS_ISLAND;;60.76;;
4-12-2016;20:34:18.8485177;Unknown;0;0;0;0;;;;;;;;;;;;;GS_ISLAND;;60.76;;
4-12-2016;20:34:18.9645243;Unknown;0;0;0;0;;;;;;;;;;;;;GS_ISLAND;;60.96;;
4-12-2016;20:34:19.0805310;Unknown;0;0;0;0;;;;;;;;;;;;;GS_ISLAND;;60.96;;
4-12-2016;20:34:19.2025379;Unknown;0;0;0;0;;;;;;;;;;;;;GS_ISLAND;;60.96;;
4-12-2016;20:34:19.3175445;Unknown;0;0;0;0;;;;;;;;;;;;;GS_ISLAND;;60.96;;
4-12-2016;20:34:19.4335512;Unknown;0;0;0;0;;;;;;;;;;;;;GS_ISLAND;;60.96;;
4-12-2016;20:34:19.5505579;Unknown;0;0;0;0;;;;;;;;;;;;;GS_ISLAND;;60.96;;
4-12-2016;20:34:19.6515636;Unknown;0;0;0;0;;;;;;;;;;;;;GS_ISLAND;;60.96;;
4-12-2016;20:34:19.7675703;Unknown;0;0;0;0;;;;;;;;;;;;;GS_ISLAND;;60.96;;
4-12-2016;20:34:19.8845770;Unknown;0;0;0;0;;;;;;;;;;;;;GS_ISLAND;;61.14;;
4-12-2016;20:34:19.9995835;Unknown;0;0;0;0;;;;;;;;;;;;;GS_ISLAND;;61.14;;
4-12-2016;20:34:20.1155902;Unknown;0;0;0;0;;;;;;;;;;;;;GS_ISLAND;;61.14;;
4-12-2016;20:34:20.2325969;Unknown;0;0;0;0;;;;;;;;;;;;;GS_ISLAND;;61.14;;
4-12-2016;20:34:20.3366028;Unknown;0;0;0;0;;;;;;;;;;;;;GS_ISLAND;;61.14;;
4-12-2016;20:34:20.4376086;Unknown;0;0;0;0;;;;;;;;;;;;;GS_ISLAND;;61.14;;
4-12-2016;20:34:20.5526152;Unknown;0;0;0;0;;;;;;;;;;;;;GS_ISLAND;;61.14;;
4-12-2016;20:34:20.6686218;Unknown;0;0;0;0;;;;;;;;;;;;;GS_ISLAND;;61.14;;
4-12-2016;20:34:20.7846284;Unknown;0;0;0;0;;;;;;;;;;;;;GS_ISLAND;;61.14;;
4-12-2016;20:34:20.9016351;Unknown;0;0;0;0;;;;;;;;;;;;;GS_ISLAND;;61.32;;
4-12-2016;20:34:21.0166417;Unknown;0;0;0;0;;;;;;;;;;;;;GS_ISLAND;;61.32;;
4-12-2016;20:34:21.1326483;Unknown;0;0;0;0;;;;;;;;;;;;;GS_ISLAND;;61.32;;
4-12-2016;20:34:21.2486550;Unknown;0;0;0;0;;;;;;;;;;;;;GS_ISLAND;;61.32;;
4-12-2016;20:34:21.3646616;Unknown;0;0;0;0;;;;;;;;;;;;;GS_ISLAND;;61.32;;
4-12-2016;20:34:21.4806682;Unknown;0;0;0;0;;;;;;;;;;;;;GS_ISLAND;;61.32;;
4-12-2016;20:34:21.5966749;Unknown;0;0;0;0;;;;;;;;;;;;;GS_ISLAND;;61.32;;
4-12-2016;20:34:21.7126815;Unknown;0;0;0;0;;;;;;;;;;;;;GS_ISLAND;;61.32;;
4-12-2016;20:34:21.8286882;Unknown;0;0;0;0;;;;;;;;;;;;;GS_ISLAND;;61.32;;
4-12-2016;20:34:21.9306940;Unknown;0;0;0;0;;;;;;;;;;;;;GS_ISLAND;;61.49;;
4-12-2016;20:34:22.0457006;Unknown;0;0;0;0;;;;;;;;;;;;;GS_ISLAND;;61.49;;
4-12-2016;20:34:22.1617072;Unknown;0;0;0;0;;;;;;;;;;;;;GS_ISLAND;;61.49;;
4-12-2016;20:34:22.2657132;Unknown;0;0;0;0;;;;;;;;;;;;;GS_ISLAND;;61.49;;
4-12-2016;20:34:22.3817198;Unknown;0;0;0;0;;;;;;;;;;;;;GS_ISLAND;;61.49;;
4-12-2016;20:34:22.4977264;Unknown;0;0;0;0;;;;;;;;;;;;;GS_ISLAND;;61.49;;
4-12-2016;20:34:22.6137331;Unknown;0;0;0;0;;;;;;;;;;;;;GS_ISLAND;;61.49;;
4-12-2016;20:34:22.7297397;Unknown;0;0;0;0;;;;;;;;;;;;;GS_ISLAND;;61.49;;
4-12-2016;20:34:22.8457463;Unknown;0;0;0;0;;;;;;;;;;;;;GS_ISLAND;;61.49;;
4-12-2016;20:34:22.9467521;Unknown;0;0;0;0;;;;;;;;;;;;;GS_ISLAND;;61.66;;
4-12-2016;20:34:23.0627587;Unknown;0;0;0;0;;;;;;;;;;;;;GS_ISLAND;;61.66;;
4-12-2016;20:34:23.1787654;Unknown;0;0;0;0;;;;;;;;;;;;;GS_ISLAND;;61.66;;
4-12-2016;20:34:23.2817713;Unknown;0;0;0;0;;;;;;;;;;;;;GS_ISLAND;;61.66;;
4-12-2016;20:34:23.3977779;Unknown;0;0;0;0;;;;;;;;;;;;;GS_ISLAND;;61.66;;
4-12-2016;20:34:23.5137845;Unknown;0;0;0;0;;;;;;;;;;;;;GS_ISLAND;;61.66;;
4-12-2016;20:34:23.6297912;Unknown;0;0;0;0;;;;;;;;;;;;;GS_ISLAND;;61.66;;
4-12-2016;20:34:23.7447978;Unknown;0;0;0;0;;;;;;;;;;;;;GS_ISLAND;;61.66;;
4-12-2016;20:34:23.8528039;Unknown;0;0;0;0;;;;;;;;;;;;;GS_ISLAND;;61.66;;
4-12-2016;20:34:23.9688106;Unknown;0;0;0;0;;;;;;;;;;;;;GS_ISLAND;;61.82;;
4-12-2016;20:34:24.0788169;Unknown;0;0;0;0;;;;;;;;;;;;;GS_ISLAND;;61.82;;
4-12-2016;20:34:24.1948235;Unknown;0;0;0;0;;;;;;;;;;;;;GS_ISLAND;;61.82;;
4-12-2016;20:34:24.3108301;Unknown;0;0;0;0;;;;;;;;;;;;;GS_ISLAND;;61.82;;
4-12-2016;20:34:24.4268368;Unknown;0;0;0;0;;;;;;;;;;;;;GS_ISLAND;;61.82;;
4-12-2016;20:34:24.5308427;Unknown;0;0;0;0;;;;;;;;;;;;;GS_ISLAND;;61.82;;
4-12-2016;20:34:24.6468493;Unknown;0;0;0;0;;;;;;;;;;;;;GS_ISLAND;;61.82;;
4-12-2016;20:34:24.7718565;Unknown;0;0;0;0;;;;;;;;;;;;;GS_ISLAND;;61.82;;
4-12-2016;20:34:24.8868631;Unknown;0;0;0;0;;;;;;;;;;;;;GS_ISLAND;;61.97;;
4-12-2016;20:34:25.0028697;Unknown;0;0;0;0;;;;;;;;;;;;;GS_ISLAND;;61.97;;
4-12-2016;20:34:25.1188763;Unknown;0;0;0;0;;;;;;;;;;;;;GS_ISLAND;;61.97;;
4-12-2016;20:34:25.2348830;Unknown;0;0;0;0;;;;;;;;;;;;;GS_ISLAND;;61.97;;
4-12-2016;20:34:25.3508896;Unknown;0;0;0;0;;;;;;;;;;;;;GS_ISLAND;;61.97;;
4-12-2016;20:34:25.4658962;Unknown;0;0;0;0;;;;;;;;;;;;;GS_ISLAND;;61.97;;
4-12-2016;20:34:25.5849030;Unknown;0;0;0;0;;;;;;;;;;;;;GS_ISLAND;;61.97;;
4-12-2016;20:34:25.7009096;Unknown;0;0;0;0;;;;;;;;;;;;;GS_ISLAND;;61.97;;
4-12-2016;20:34:25.8169163;Unknown;0;0;0;0;;;;;;;;;;;;;GS_ISLAND;;61.97;;
4-12-2016;20:34:25.9329229;Unknown;0;0;0;0;;;;;;;;;;;;;GS_ISLAND;;62.11;;
4-12-2016;20:34:26.0479295;Unknown;0;0;0;0;;;;;;;;;;;;;GS_ISLAND;;62.11;;
4-12-2016;20:34:26.1639361;Unknown;0;0;0;0;;;;;;;;;;;;;GS_ISLAND;;62.11;;
4-12-2016;20:34:26.2799428;Unknown;0;0;0;0;;;;;;;;;;;;;GS_ISLAND;;62.11;;
4-12-2016;20:34:26.3979495;Unknown;0;0;0;0;;;;;;;;;;;;;GS_ISLAND;;62.11;;
4-12-2016;20:34:26.5149562;Unknown;0;0;0;0;;;;;;;;;;;;;GS_ISLAND;;62.11;;
4-12-2016;20:34:26.6299628;Unknown;0;0;0;0;;;;;;;;;;;;;GS_ISLAND;;62.11;;
4-12-2016;20:34:26.7459694;Unknown;0;0;0;0;;;;;;;;;;;;;GS_ISLAND;;62.11;;
4-12-2016;20:34:26.8669763;Unknown;0;0;0;0;;;;;;;;;;;;;GS_ISLAND;;62.11;;
4-12-2016;20:34:26.9829830;Unknown;0;0;0;0;;;;;;;;;;;;;GS_ISLAND;;62.25;;
4-12-2016;20:34:27.0989896;Unknown;0;0;0;0;;;;;;;;;;;;;GS_ISLAND;;62.25;;
4-12-2016;20:34:27.2029955;Unknown;0;0;0;0;;;;;;;;;;;;;GS_ISLAND;;62.25;;
4-12-2016;20:34:27.3190022;Unknown;0;0;0;0;;;;;;;;;;;;;GS_ISLAND;;62.25;;
4-12-2016;20:34:27.4340088;Unknown;0;0;0;0;;;;;;;;;;;;;GS_ISLAND;;62.25;;
4-12-2016;20:34:27.5500154;Unknown;0;0;0;0;;;;;;;;;;;;;GS_ISLAND;;62.25;;
4-12-2016;20:34:27.6550214;Unknown;0;0;0;0;;;;;;;;;;;;;GS_ISLAND;;62.25;;
4-12-2016;20:34:27.7710280;Unknown;0;0;0;0;;;;;;;;;;;;;GS_ISLAND;;62.25;;
4-12-2016;20:34:27.8870347;Unknown;0;0;0;0;;;;;;;;;;;;;GS_ISLAND;;62.25;;
4-12-2016;20:34:28.0030413;Unknown;0;0;0;0;;;;;;;;;;;;;GS_ISLAND;;62.39;;
4-12-2016;20:34:28.1190479;Unknown;0;0;0;0;;;;;;;;;;;;;GS_ISLAND;;62.39;;
4-12-2016;20:34:28.2350546;Unknown;0;0;0;0;;;;;;;;;;;;;GS_ISLAND;;62.39;;
4-12-2016;20:34:28.3510612;Unknown;0;0;0;0;;;;;;;;;;;;;GS_ISLAND;;62.39;;
4-12-2016;20:34:28.4670678;Unknown;0;0;0;0;;;;;;;;;;;;;GS_ISLAND;;62.39;;
4-12-2016;20:34:28.5840745;Unknown;0;0;0;0;;;;;;;;;;;;;GS_ISLAND;;62.39;;
4-12-2016;20:34:28.6970810;Unknown;0;0;0;0;;;;;;;;;;;;;GS_ISLAND;;62.39;;
4-12-2016;20:34:28.8090874;Unknown;0;0;0;0;;;;;;;;;;;;;GS_ISLAND;;62.39;;
4-12-2016;20:34:28.9250940;Unknown;0;0;0;0;;;;;;;;;;;;;GS_ISLAND;;62.52;;
4-12-2016;20:34:29.0411007;Unknown;0;0;0;0;;;;;;;;;;;;;GS_ISLAND;;62.52;;
4-12-2016;20:34:29.1571073;Unknown;0;0;0;0;;;;;;;;;;;;;GS_ISLAND;;62.52;;
4-12-2016;20:34:29.2581131;Unknown;0;0;0;0;;;;;;;;;;;;;GS_ISLAND;;62.52;;
